dataset,setting,detector,auc_roc_mean,auc_roc_std,avg_precision_mean,avg_precision_std,pauc_0.1_mean,pauc_0.1_std,f1_top_q_mean,f1_top_q_std,contamination
esc50,primary,SOD,0.81875,0.04560787349789511,0.27670906638940695,0.12885096785141276,0.5657894736842105,0.07131409009433812,0.15,0.13693063937629152,0.05
esc50,primary,COF,0.805625,0.09082413466419591,0.1683113862337063,0.05695278091525899,0.506578947368421,0.023260091486399605,0.0,0.0,0.05
esc50,primary,KNN,0.7068749999999999,0.13550397826263258,0.19051932110523365,0.0992104061624848,0.5460526315789473,0.06640338565192877,0.15,0.13693063937629152,0.05
esc50,primary,CBLOF,0.7050000000000001,0.14512925273699998,0.13658265133980166,0.04630779935775483,0.5328947368421053,0.03786468563559656,0.1,0.13693063937629152,0.05
esc50,primary,GMM,0.7006249999999999,0.0781687377568552,0.18568171841897363,0.136392373128957,0.5263157894736842,0.07206875756646922,0.1,0.13693063937629155,0.05
esc50,primary,MCD,0.7,0.08819478619793797,0.15735849208406422,0.10501429151993527,0.5361842105263157,0.05975625698876631,0.15,0.13693063937629152,0.05
esc50,primary,Sampling,0.7,0.1723431125328192,0.1962592182946503,0.10255201290649288,0.5460526315789473,0.06640338565192877,0.15,0.13693063937629152,0.05
esc50,primary,AutoEncoder,0.69625,0.1428538643597015,0.14998136018511016,0.07344678017197968,0.5361842105263157,0.05861358447764954,0.15,0.13693063937629152,0.05
esc50,primary,DIF,0.693125,0.17888270860398994,0.12684439979846387,0.06026844593188928,0.5,0.03206182350266108,0.0,0.0,0.05
esc50,primary,IForest,0.67625,0.15588394621480428,0.12036414535445798,0.04204266445076582,0.5197368421052632,0.04257295758402894,0.1,0.13693063937629152,0.05
esc50,primary,QMCD,0.665,0.09318580229841886,0.1356301572622894,0.06084309664335181,0.5394736842105263,0.060431490364716574,0.15,0.13693063937629152,0.05
esc50,primary,KPCA,0.658125,0.10745184241091449,0.11096574802457156,0.04473331890646442,0.5197368421052632,0.04988733844770762,0.1,0.13693063937629155,0.05
esc50,primary,HBOS,0.645,0.06989808429062991,0.08468161260185011,0.016337749820049548,0.48026315789473684,0.00900859469580866,0.0,0.0,0.05
esc50,primary,COPOD,0.641875,0.1567585474144871,0.1053331628562187,0.03917596902762228,0.5032894736842104,0.029421947072365676,0.0,0.0,0.05
esc50,primary,INNE,0.64125,0.15509573656293715,0.15480352451802828,0.10191376087059,0.5328947368421052,0.062196284214437604,0.1,0.13693063937629155,0.05
esc50,primary,VAE,0.6325000000000001,0.2054981561656941,0.10921401908657576,0.05435681262829721,0.506578947368421,0.030770208772812047,0.0,0.0,0.05
esc50,primary,OCSVM,0.631875,0.1827978092387871,0.12460584543880589,0.05265645400971753,0.5328947368421053,0.054051568174851974,0.15,0.13693063937629152,0.05
esc50,primary,PCA,0.614375,0.1829473327559055,0.0967255636664607,0.033984305703441305,0.5032894736842104,0.02702578408742598,0.0,0.0,0.05
esc50,primary,ABOD,0.6131249999999999,0.09370832406995656,0.10085104288299644,0.030686009130378163,0.5197368421052632,0.04413292060854852,0.05,0.11180339887498948,0.05
esc50,primary,ECOD,0.6050000000000001,0.18190345567773034,0.11233428248286262,0.041873189817916115,0.5230263157894737,0.04504297347904331,0.15,0.13693063937629152,0.05
esc50,primary,KDE,0.603125,0.09051717723725146,0.1202576681120719,0.06554627516667327,0.519736842105263,0.06306016287066056,0.1,0.13693063937629155,0.05
esc50,primary,LUNAR,0.588125,0.07041312244532266,0.09989729375438308,0.054499923887262935,0.5131578947368421,0.055288606295959254,0.1,0.13693063937629155,0.05
esc50,primary,LODA,0.584375,0.18625891337732,0.09785114468074244,0.0344335968042699,0.506578947368421,0.046520182972799216,0.05,0.1118033988749895,0.05
esc50,primary,LMDD,0.571875,0.16850387143178638,0.0750952363470872,0.026766384942593622,0.47368421052631576,0.0,0.0,0.0,0.05
esc50,primary,LOF,0.570625,0.1268149488427922,0.13288159900208502,0.06683839678132106,0.5427631578947368,0.06306016287066056,0.15,0.13693063937629152,0.05
esc50,secondary,COF,0.8081249999999999,0.0845657565891774,0.17216729799387,0.051211964146744685,0.5230263157894737,0.028487677756067083,0.0,0.0,0.05
esc50,secondary,SOD,0.7893749999999999,0.06471089552772395,0.23204484543337917,0.130485941984,0.5592105263157895,0.07661720196613232,0.15,0.13693063937629152,0.05
esc50,secondary,DIF,0.6799999999999999,0.18349365622549463,0.12135142069728733,0.05843595017838613,0.4901315789473684,0.016447368421052634,0.0,0.0,0.05
esc50,secondary,AutoEncoder,0.67875,0.14235738477507937,0.12563549324375156,0.0443771584310519,0.5263157894736843,0.04851276711760734,0.15,0.13693063937629152,0.05
esc50,secondary,GMM,0.67875,0.08174130305420872,0.17938582801801595,0.1361354601992077,0.5263157894736842,0.07206875756646922,0.1,0.13693063937629155,0.05
esc50,secondary,MCD,0.66875,0.0811898816047911,0.15172020528674982,0.10520189168369602,0.5230263157894737,0.06781423726344836,0.1,0.13693063937629155,0.05
esc50,secondary,Sampling,0.6668749999999999,0.15649356017101793,0.15923942369887079,0.13167535717047582,0.5328947368421052,0.05884389414473135,0.1,0.13693063937629152,0.05
esc50,secondary,IForest,0.665,0.16270119756012857,0.12288220978740783,0.07666879316423737,0.5164473684210525,0.048790779520366236,0.05,0.11180339887498948,0.05
esc50,secondary,CBLOF,0.6643749999999999,0.14837334139763783,0.11099664976808092,0.040338611051426866,0.5098684210526315,0.03370707488802503,0.0,0.0,0.05
esc50,secondary,QMCD,0.653125,0.0915896930609553,0.12513620137929757,0.05437123749458608,0.5361842105263157,0.05744818814662168,0.15,0.13693063937629152,0.05
esc50,secondary,COPOD,0.63625,0.15852407644424235,0.11159259879704293,0.04177187574817359,0.5164473684210525,0.04128256709872087,0.1,0.13693063937629155,0.05
esc50,secondary,HBOS,0.63375,0.08278006440260846,0.08617120878984173,0.022974315359484392,0.4901315789473684,0.028487677756067073,0.0,0.0,0.05
esc50,secondary,INNE,0.630625,0.15460698662253275,0.1501261962774616,0.1072181268384327,0.5230263157894737,0.06781423726344837,0.1,0.13693063937629152,0.05
esc50,secondary,ABOD,0.625,0.11577270970526687,0.1068565430839902,0.04444425799049314,0.506578947368421,0.0479519070299778,0.05,0.1118033988749895,0.05
esc50,secondary,KPCA,0.6224999999999999,0.116767999147883,0.1002282675291745,0.04212028983610063,0.5131578947368421,0.04738440885160508,0.1,0.13693063937629155,0.05
esc50,secondary,VAE,0.61875,0.2192850599106104,0.10667348957194896,0.05721112855453107,0.4967105263157894,0.022066460304274255,0.0,0.0,0.05
esc50,secondary,KNN,0.6118750000000001,0.1215018325479085,0.11380602558412574,0.0423930975175784,0.5328947368421053,0.054051568174851974,0.15,0.13693063937629152,0.05
esc50,secondary,OCSVM,0.6012500000000001,0.1893089818920381,0.09498007677622952,0.03467198742062436,0.5032894736842104,0.02702578408742598,0.0,0.0,0.05
esc50,secondary,PCA,0.596875,0.19554361326185013,0.09226944228906211,0.03278581430898979,0.4934210526315789,0.018017189391617318,0.0,0.0,0.05
esc50,secondary,ECOD,0.59375,0.1838312957918211,0.10875348493598724,0.03815695188689341,0.5197368421052632,0.04257295758402894,0.1,0.13693063937629152,0.05
esc50,secondary,LMDD,0.5796875,0.16906798743404972,0.07652399177974625,0.0284213441282789,0.47368421052631576,0.0,0.0,0.0,0.05
esc50,secondary,KDE,0.56875,0.0733876160363586,0.07951354664141007,0.022215793249597746,0.4901315789473684,0.03677743384045711,0.05,0.1118033988749895,0.05
esc50,secondary,LODA,0.5675,0.22267242265826273,0.12730928804138802,0.07742003533018667,0.5328947368421052,0.05768315104194139,0.1,0.13693063937629155,0.05
esc50,secondary,LUNAR,0.5625,0.131991950512143,0.1241760157344691,0.11850886887171216,0.5164473684210525,0.06109926191120629,0.1,0.13693063937629155,0.05
esc50,secondary,LOF,0.554375,0.1211637902283516,0.12983303559875686,0.06512315113619024,0.5427631578947368,0.06306016287066056,0.15,0.13693063937629152,0.05
urbansound8k,primary,SOD,0.8932800262884057,0.025295702136141948,0.3411399188755339,0.0727900768935826,0.6917684429596364,0.04140246038165427,0.3290322580645161,0.0577049800645107,0.05
urbansound8k,primary,AutoEncoder,0.8403855632838599,0.034185646667954164,0.26601800870121795,0.03416926905202242,0.6669039925516185,0.015514139486438951,0.2838709677419355,0.04205937035614611,0.05
urbansound8k,primary,KNN,0.8397502601456817,0.02355681140162552,0.2798234525158635,0.04829608971850609,0.6691062230306035,0.025867585359027293,0.367741935483871,0.06689174630105715,0.05
urbansound8k,primary,COF,0.8389725614765322,0.04976134661698446,0.20420454334054922,0.04629245376714986,0.606359949383289,0.049374805831011566,0.24516129032258066,0.09293458252185763,0.05
urbansound8k,primary,KDE,0.834634974533107,0.02528914992601619,0.25361383354573475,0.04258277340623919,0.6460519830163063,0.03079505349455605,0.3096774193548387,0.06689174630105717,0.05
urbansound8k,primary,KPCA,0.8324223670518649,0.02959968436740882,0.27554021576939725,0.04267683521775926,0.6764623646305643,0.026929717947925393,0.36129032258064514,0.053005408790822515,0.05
urbansound8k,primary,LUNAR,0.827383755955967,0.02393993130562354,0.24266055933936254,0.04682947286283299,0.6157741964308877,0.02382314486581993,0.24516129032258066,0.06689174630105717,0.05
urbansound8k,primary,GMM,0.8204611424502986,0.03137651262920678,0.29846072470979146,0.04858475149603211,0.6701439232563033,0.024354397738477012,0.32903225806451614,0.05300540879082252,0.05
urbansound8k,primary,MCD,0.817700859849937,0.029651046986987225,0.3413691679386144,0.056916901496572504,0.684591016398546,0.03256815882907106,0.36129032258064514,0.04205937035614613,0.05
urbansound8k,primary,CBLOF,0.804217098417219,0.031482826858703905,0.25789424861439353,0.06650558852483351,0.6415091620282427,0.03401898737188077,0.3419354838709677,0.07067387838776337,0.05
urbansound8k,primary,VAE,0.800536721616737,0.02305234124469115,0.26576806562839045,0.08064852640703184,0.6495686337811779,0.05733394249588874,0.33548387096774196,0.09293458252185761,0.05
urbansound8k,primary,Sampling,0.7856509118790733,0.05039223323768082,0.2209024795736405,0.04311422687397604,0.6438670475410829,0.031992595141128156,0.32258064516129037,0.045619792334615966,0.05
urbansound8k,primary,OCSVM,0.7848293992003943,0.03251777839624989,0.2590019497712433,0.052524747190410524,0.6799040703791353,0.029108257190202057,0.4,0.0489217770583971,0.05
urbansound8k,primary,INNE,0.778082041732844,0.02058387955699707,0.22453980467216997,0.04374367852905214,0.6069249195061699,0.022704378076029336,0.23870967741935484,0.04892177705839711,0.05
urbansound8k,primary,QMCD,0.7699326359603483,0.03657222146306715,0.18519267640932963,0.025503914825890442,0.633841710360572,0.021120129499232133,0.3419354838709677,0.03677985242255283,0.05
urbansound8k,primary,HBOS,0.7461744892929514,0.04495187796784795,0.16216937638535628,0.027269882134684818,0.6188988271104948,0.02400657036199662,0.2645161290322581,0.05770498006451071,0.05
urbansound8k,primary,IForest,0.74534202311189,0.051894744872857355,0.18179100124517855,0.03496372357195191,0.630659429668426,0.023718333730135915,0.32258064516129037,0.05587260669577023,0.05
urbansound8k,primary,PCA,0.7431513226354126,0.038010574816169894,0.21593812215730898,0.04752780468662491,0.6617846714381661,0.029796487198805913,0.3225806451612903,0.03950789907714806,0.05
urbansound8k,primary,ABOD,0.7399419464373733,0.022300218525836295,0.11046167549311744,0.014740436509281054,0.5104476235223581,0.011413475898220705,0.05161290322580645,0.017668469596940843,0.05
urbansound8k,primary,DIF,0.738627526151487,0.010414442373864734,0.21578654019816518,0.03960507017582966,0.5977758625162501,0.02800222885206879,0.2129032258064516,0.028852490032255353,0.05
urbansound8k,primary,COPOD,0.7294594446574292,0.042051952901623633,0.1485909851981775,0.0276363781513444,0.6021860884754743,0.027664032954235616,0.2709677419354839,0.07067387838776337,0.05
urbansound8k,primary,LMDD,0.7030012596527739,0.03553573561544628,0.16167278236431776,0.03981300047049734,0.6055240242014752,0.025232777278504925,0.2709677419354839,0.06288254416005784,0.05
urbansound8k,primary,LODA,0.7006188728846048,0.05319412269285417,0.16322526014558475,0.04837030840542041,0.599534187898686,0.05113967591293323,0.23870967741935484,0.1302363176657184,0.05
urbansound8k,primary,LOF,0.6818664768059588,0.0214660143342362,0.07591212039976476,0.0046495776089930645,0.4860731982209206,0.009679310919942811,0.012903225806451613,0.017668469596940843,0.05
urbansound8k,primary,ECOD,0.6814611972178104,0.039081395783054404,0.10840327836782856,0.02258405861827749,0.5521919976017594,0.02782232549634231,0.16774193548387098,0.06993381738283484,0.05
urbansound8k,secondary,SOD,0.8916370009310477,0.02808440416668414,0.34492210427569636,0.08601048857264063,0.6970722441132131,0.0479479152062222,0.367741935483871,0.09569288370446016,0.05
urbansound8k,secondary,COF,0.8394873760885042,0.04841939634627353,0.20715101670422542,0.04764905161405111,0.6077147246779526,0.049599286370141625,0.25161290322580643,0.1126725754617612,0.05
urbansound8k,secondary,KNN,0.8167698121474342,0.024907798383567905,0.22328897210971346,0.04088877894826194,0.619308142199521,0.022146038651311248,0.2967741935483871,0.042059370356146125,0.05
urbansound8k,secondary,AutoEncoder,0.8160468809901966,0.027746823648863567,0.20621740563720645,0.029151202021660803,0.6162642215374682,0.015528394998133523,0.23870967741935484,0.03677985242255284,0.05
urbansound8k,secondary,MCD,0.8157949504354016,0.030544750243530587,0.3331736286813271,0.0585793301162327,0.6850003314875721,0.03257475047961823,0.367741935483871,0.05397806622800486,0.05
urbansound8k,secondary,KPCA,0.7992223013308506,0.027631363164265746,0.1987656258520261,0.023553926652500043,0.6140965810660064,0.025176769363735557,0.3096774193548387,0.058599684272854675,0.05
urbansound8k,secondary,GMM,0.796177227668547,0.027571093679778013,0.23368019107753685,0.04857721677668063,0.6233839980860196,0.021169740849693374,0.2645161290322581,0.05300540879082252,0.05
urbansound8k,secondary,Sampling,0.7914124541322087,0.050557067635807675,0.24024466835709363,0.04978227007451806,0.6554143450526201,0.03114052424066258,0.36129032258064514,0.06993381738283484,0.05
urbansound8k,secondary,VAE,0.7852127717837778,0.01738557551179827,0.2347378814456405,0.06769294134159459,0.6234589431023201,0.03881012802725606,0.2967741935483871,0.06610935978038453,0.05
urbansound8k,secondary,KDE,0.7789473684210526,0.03214280031872271,0.18864458841219078,0.014984799400668011,0.6092251550064713,0.021727329126057425,0.25161290322580643,0.0661093597803845,0.05
urbansound8k,secondary,CBLOF,0.7745878744728627,0.033396899151301986,0.19964516114712128,0.04976890473621253,0.5959137671112443,0.019110757424534205,0.2645161290322581,0.026989033114002442,0.05
urbansound8k,secondary,OCSVM,0.7736677802727423,0.031973595228117435,0.23196598260424944,0.04540427426107517,0.6690197480117952,0.028148194968738355,0.3935483870967742,0.047846441852230075,0.05
urbansound8k,secondary,INNE,0.7649816528835094,0.022872482765180925,0.17848069939967254,0.04455171039209984,0.561975204729607,0.02154384323907796,0.13548387096774192,0.04205937035614612,0.05
urbansound8k,secondary,QMCD,0.7610493455282327,0.03393199863524992,0.17970423893145654,0.026856859430562697,0.6278749340627983,0.023131985815330484,0.3290322580645161,0.047846441852230095,0.05
urbansound8k,secondary,LUNAR,0.7495591215291089,0.030628443977255795,0.13725709114424997,0.026559505334461674,0.5425702105090208,0.013258271497691385,0.1032258064516129,0.04205937035614612,0.05
urbansound8k,secondary,IForest,0.7444986034284462,0.033662698717833416,0.17866143837015613,0.02790577759339412,0.6259090686352224,0.01977145401466791,0.3096774193548387,0.0585996842728547,0.05
urbansound8k,secondary,HBOS,0.7357467550249192,0.04253512739305729,0.16098393332912164,0.026679908576445747,0.6183280919863601,0.0244314587448897,0.2709677419354839,0.05859968427285469,0.05
urbansound8k,secondary,PCA,0.7336327290651186,0.038122213018221364,0.20750048786630457,0.04606052659171567,0.6541979297880497,0.02952412858337077,0.32903225806451614,0.05770498006451071,0.05
urbansound8k,secondary,DIF,0.7245413220877376,0.02289362575495559,0.1971797038386457,0.02816481090848578,0.5716142868261074,0.012672083862916414,0.16129032258064516,0.03225806451612903,0.05
urbansound8k,secondary,COPOD,0.721978202530259,0.04184199558300601,0.14365636049918723,0.023068996882705223,0.6019554884253188,0.02166891926992926,0.25806451612903225,0.06842968850192396,0.05
urbansound8k,secondary,LMDD,0.6997042554356756,0.041128443333080376,0.1523301474758971,0.03186522375672692,0.6009869682146656,0.019114811237450343,0.25806451612903225,0.055872606695770245,0.05
urbansound8k,secondary,LODA,0.6762582835861767,0.10529474990505908,0.16642669069568944,0.0727385106610039,0.6015749983425621,0.043694314230526256,0.24516129032258066,0.08715649087810515,0.05
urbansound8k,secondary,ECOD,0.6676050167040911,0.04109507910035229,0.09699979398084321,0.019963759417231358,0.5340207136495053,0.027453691693924025,0.1096774193548387,0.05397806622800487,0.05
urbansound8k,secondary,ABOD,0.6474286653157347,0.04216480637109947,0.07107309558898955,0.008615755300942234,0.48385943773942774,0.0072846043489015475,0.0,0.0,0.05
urbansound8k,secondary,LOF,0.5830220713073004,0.02725905667333,0.05720005197043038,0.00383170567966589,0.4798642918704835,0.0043520318645479325,0.0,0.0,0.05
ravdess,primary,CBLOF,0.9986111111111111,0.0031056499687497773,0.9833333333333332,0.03726779962499655,0.9926900584795322,0.016345526151314294,0.9333333333333332,0.14907119849998604,0.05
ravdess,primary,OCSVM,0.9944444444444445,0.012422599874998795,0.9619047619047618,0.085183541999992,0.9707602339181287,0.06538210460525697,0.9333333333333332,0.14907119849998604,0.05
ravdess,primary,AutoEncoder,0.9930555555555556,0.015528249843748558,0.9583333333333333,0.0931694990624913,0.9649122807017545,0.07845852552630844,0.9333333333333332,0.14907119849998604,0.05
ravdess,primary,COF,0.9930555555555556,0.015528249843748527,0.9583333333333333,0.09316949906249127,0.9649122807017545,0.07845852552630844,0.9333333333333332,0.14907119849998599,0.05
ravdess,primary,INNE,0.9930555555555556,0.015528249843748558,0.9583333333333333,0.0931694990624913,0.9649122807017545,0.07845852552630844,0.9333333333333332,0.14907119849998604,0.05
ravdess,primary,SOD,0.9916666666666666,0.009054447785003703,0.8722222222222221,0.1529039882724765,0.956140350877193,0.04765498834212462,0.8,0.18257418583505539,0.05
ravdess,primary,VAE,0.9833333333333332,0.03726779962499654,0.9153846153846154,0.18920575194228995,0.9502923976608187,0.1111495778289369,0.8666666666666666,0.2981423969999719,0.05
ravdess,primary,PCA,0.9819444444444445,0.03661507312906688,0.8987179487179487,0.18347224430767506,0.9429824561403508,0.1082266404872617,0.8,0.29814239699997197,0.05
ravdess,primary,KDE,0.976388888888889,0.052796049468745034,0.9433333333333334,0.12671051872498812,0.9649122807017545,0.07845852552630844,0.9333333333333332,0.14907119849998604,0.05
ravdess,primary,KNN,0.976388888888889,0.052796049468745034,0.9433333333333334,0.12671051872498812,0.9649122807017545,0.07845852552630844,0.9333333333333332,0.14907119849998604,0.05
ravdess,primary,KPCA,0.976388888888889,0.052796049468745034,0.9433333333333334,0.12671051872498812,0.9649122807017545,0.07845852552630844,0.9333333333333332,0.14907119849998604,0.05
ravdess,primary,LOF,0.975,0.055901699437494734,0.9428571428571428,0.127775312999988,0.9649122807017545,0.07845852552630844,0.9333333333333332,0.14907119849998604,0.05
ravdess,primary,DIF,0.9736111111111111,0.0362177911400147,0.8642857142857142,0.16076082022754115,0.915204678362573,0.10136862246168903,0.8,0.18257418583505539,0.05
ravdess,primary,LUNAR,0.9736111111111111,0.059007349406244455,0.9424242424242424,0.1287433077954424,0.9649122807017545,0.07845852552630844,0.9333333333333332,0.14907119849998604,0.05
ravdess,primary,IForest,0.9638888888888889,0.06631853547951849,0.8603174603174603,0.22176824376600612,0.9064327485380117,0.1423469174811472,0.8,0.29814239699997197,0.05
ravdess,primary,Sampling,0.961111111111111,0.0869581991249918,0.9397849462365592,0.13464495348385827,0.9649122807017545,0.07845852552630844,0.9333333333333332,0.14907119849998604,0.05
ravdess,primary,HBOS,0.9555555555555555,0.05140765423144931,0.7065608465608466,0.2808115012625776,0.8274853801169592,0.16423797274834642,0.6,0.36514837167011077,0.05
ravdess,primary,GMM,0.9527777777777778,0.08748346404596405,0.8979166666666666,0.14365939173382763,0.9298245614035088,0.09609167675529237,0.8666666666666666,0.18257418583505536,0.05
ravdess,primary,MCD,0.951388888888889,0.10869774890623976,0.9385964912280702,0.13730241967103973,0.9649122807017545,0.07845852552630844,0.9333333333333332,0.14907119849998604,0.05
ravdess,primary,COPOD,0.9402777777777779,0.0748906095252384,0.6830049482681061,0.24529646297553442,0.8216374269005847,0.1402861388217971,0.5333333333333333,0.29814239699997197,0.05
ravdess,primary,ECOD,0.9319444444444445,0.07223557568858797,0.6871929824561404,0.23731924359000775,0.7953216374269007,0.16115064097257745,0.5333333333333333,0.29814239699997197,0.05
ravdess,primary,LMDD,0.929861111111111,0.13080649642190112,0.7995564892623716,0.2585678042072345,0.8801169590643274,0.15614897472734995,0.7333333333333333,0.27888667551135854,0.05
ravdess,primary,LODA,0.9222222222222222,0.13700105884064104,0.7754312354312354,0.30924484699767135,0.8728070175438596,0.16227411608785508,0.7333333333333333,0.2788866755113585,0.05
ravdess,primary,ABOD,0.8736111111111111,0.11799426513580337,0.6843423919275312,0.16577664590643884,0.8026315789473684,0.09041898301793114,0.6,0.14907119849998593,0.05
ravdess,primary,QMCD,0.425,0.21702916612892675,0.2744270152505447,0.16165343355775375,0.5906432748538012,0.08007639729607693,0.2,0.18257418583505536,0.05
ravdess,secondary,SOD,0.9902777777777777,0.00791788489652175,0.8788888888888888,0.09761033642897546,0.9488304093567251,0.041673078402746255,0.7333333333333333,0.149071198499986,0.05
ravdess,secondary,COF,0.9847222222222222,0.01335790559838285,0.8694444444444445,0.08762116830881943,0.9210526315789472,0.06767126790077849,0.7333333333333333,0.14907119849998596,0.05
ravdess,secondary,QMCD,0.975,0.055901699437494734,0.8982142857142857,0.22759977628122863,0.9298245614035088,0.1569170510526168,0.8666666666666666,0.2981423969999719,0.05
ravdess,secondary,Sampling,0.975,0.018762855675147665,0.8282539682539681,0.1139899170285573,0.8845029239766081,0.07777447998988533,0.7333333333333333,0.149071198499986,0.05
ravdess,secondary,CBLOF,0.9736111111111111,0.059007349406244455,0.903859649122807,0.2149763599420851,0.9429824561403508,0.1274951039802512,0.8666666666666666,0.2981423969999719,0.05
ravdess,secondary,DIF,0.9736111111111111,0.023753654689565386,0.7563492063492063,0.17362097477648872,0.8698830409356724,0.10884205907525196,0.6666666666666666,0.23570226039551578,0.05
ravdess,secondary,AutoEncoder,0.9652777777777779,0.05533811614760147,0.8291666666666666,0.2126633359195808,0.8859649122807017,0.1433009583570574,0.7333333333333333,0.2788866755113585,0.05
ravdess,secondary,KNN,0.9625,0.08002700161604408,0.8753623188405797,0.23490167404965326,0.9225146198830408,0.15364794582235394,0.8,0.2981423969999719,0.05
ravdess,secondary,HBOS,0.961111111111111,0.05739153753165109,0.8080735930735929,0.20602043835283995,0.8728070175438596,0.14114056591984991,0.6666666666666666,0.23570226039551578,0.05
ravdess,secondary,OCSVM,0.961111111111111,0.06814761347415058,0.8420289855072463,0.20046155521364334,0.9064327485380117,0.11711886013739946,0.7333333333333333,0.2788866755113585,0.05
ravdess,secondary,INNE,0.9597222222222221,0.07847529492509246,0.837955182072829,0.22549487181331046,0.9078947368421051,0.14552108990260826,0.6666666666666666,0.23570226039551578,0.05
ravdess,secondary,KPCA,0.9583333333333333,0.08172640483291543,0.8468438003220612,0.228563264779637,0.9078947368421051,0.14779826849239894,0.7333333333333333,0.2788866755113585,0.05
ravdess,secondary,LOF,0.9583333333333333,0.08172640483291543,0.8444444444444444,0.23376283222188055,0.9078947368421051,0.14779826849239897,0.7333333333333333,0.2788866755113585,0.05
ravdess,secondary,LUNAR,0.9472222222222222,0.08399620619004756,0.7932247284878864,0.2180368312251445,0.8640350877192983,0.136717404570246,0.6666666666666666,0.23570226039551578,0.05
ravdess,secondary,MCD,0.9472222222222222,0.11801469881248888,0.9382113821138212,0.13816354982925533,0.9649122807017545,0.07845852552630844,0.9333333333333332,0.14907119849998604,0.05
ravdess,secondary,KDE,0.9388888888888889,0.11758484590989739,0.8288888888888888,0.2279267805325882,0.8932748538011696,0.1445077636625914,0.7333333333333333,0.2788866755113585,0.05
ravdess,secondary,VAE,0.9333333333333332,0.08955372034237605,0.7657777777777778,0.21126660939891467,0.8450292397660817,0.1322271234455557,0.6666666666666666,0.23570226039551578,0.05
ravdess,secondary,PCA,0.9319444444444445,0.09257233574712811,0.7654700854700854,0.2118801522532017,0.8450292397660817,0.1322271234455557,0.6666666666666666,0.23570226039551578,0.05
ravdess,secondary,IForest,0.9263888888888889,0.10538637758385519,0.7397162097162097,0.23552550638197833,0.8362573099415205,0.14716421036290359,0.6,0.27888667551135854,0.05
ravdess,secondary,COPOD,0.9208333333333332,0.10607056380623635,0.6362698412698412,0.2506953042051576,0.7923976608187134,0.14878918649226788,0.5333333333333333,0.29814239699997197,0.05
ravdess,secondary,ECOD,0.9055555555555556,0.07489060952523838,0.5810267510267509,0.2657665030053253,0.7324561403508771,0.15827331699092817,0.4666666666666666,0.18257418583505536,0.05
ravdess,secondary,LMDD,0.8868055555555555,0.12260435842050516,0.5837628384687208,0.2972832150750871,0.7514619883040936,0.18829308292969676,0.4666666666666666,0.38005847503304596,0.05
ravdess,secondary,GMM,0.8819444444444444,0.10508851354459417,0.5928339198927434,0.2336461138439751,0.752923976608187,0.10342986056037425,0.5333333333333333,0.18257418583505536,0.05
ravdess,secondary,LODA,0.8777777777777779,0.1736527727789774,0.8000595238095236,0.2617281939990677,0.8874269005847953,0.15154691786716448,0.7333333333333333,0.2788866755113585,0.05
ravdess,secondary,ABOD,0.8138888888888889,0.130511221787039,0.435218253968254,0.3506177858541298,0.6491228070175439,0.21486752129677,0.3333333333333333,0.408248290463863,0.05
nsynth,primary,SOD,0.9717425949332308,0.01194764858211083,0.7628218722069613,0.03735549599193488,0.9021238318635518,0.01746072627806282,0.6967741935483871,0.0668917463010572,0.05
nsynth,primary,COF,0.9673682475133264,0.01091433516141049,0.6684643129218031,0.03849298789270289,0.875184747052001,0.011747502258029839,0.6516129032258065,0.06993381738283491,0.05
nsynth,primary,LOF,0.6179150409408144,0.041253365110164676,0.09029544547023857,0.01451172756527601,0.5229288807004047,0.023779270393062983,0.07741935483870968,0.03677985242255284,0.05
nsynth,primary,HBOS,0.6024289718085398,0.04680972211127606,0.2023981871037955,0.024799228591334474,0.5839568696980126,0.020274996010091476,0.17880184331797233,0.015985758206755993,0.05
nsynth,primary,LMDD,0.5752596581854152,0.060577370092134174,0.1165242361652031,0.040546888699259126,0.5490291922034575,0.023763200058424336,0.12903225806451613,0.022809896167307983,0.05
nsynth,primary,IForest,0.5680606693411002,0.08513770328464963,0.11691950526447456,0.044686737105007424,0.5448411103044747,0.03228734412232373,0.12903225806451613,0.08224225021923846,0.05
nsynth,primary,OCSVM,0.5674122108039786,0.05522882099910653,0.07329634145030886,0.019243331942208244,0.5191688624209311,0.026194461701494556,0.09032258064516129,0.062049626005391434,0.05
nsynth,primary,LUNAR,0.5582348738803099,0.05402354662388834,0.07923384629333141,0.018175247842507458,0.5185961827137497,0.02260545501626315,0.0967741935483871,0.05587260669577023,0.05
nsynth,primary,LODA,0.5576523602791669,0.04194863126136201,0.08561290564035616,0.03492982675195526,0.5311604284106981,0.041687088718138775,0.12903225806451613,0.09404761120718227,0.05
nsynth,primary,PCA,0.55737758971259,0.055493214905732544,0.07603873201603359,0.020633116485604803,0.5288407863644384,0.026286224637250957,0.0967741935483871,0.03950789907714803,0.05
nsynth,primary,KPCA,0.5569819200967192,0.04045310727904089,0.060730208579673796,0.01055309520085267,0.4953997622511519,0.014485456543342753,0.05161290322580645,0.03677985242255284,0.05
nsynth,primary,INNE,0.5566961587074792,0.05639184290379848,0.07949020967735496,0.030335775283342817,0.5129503706510328,0.020769766337815687,0.07096774193548387,0.04784644185223008,0.05
nsynth,primary,Sampling,0.5559377919437269,0.055752520181863774,0.06980571771411007,0.016910337959440205,0.5118859962457664,0.02713371190722565,0.08387096774193548,0.06288254416005783,0.05
nsynth,primary,VAE,0.5497169863164257,0.050105727884479236,0.07385213947874536,0.023265561268496632,0.5250460602239235,0.03282691793591632,0.09032258064516129,0.06993381738283484,0.05
nsynth,primary,KNN,0.5470352255866351,0.04711517433431115,0.0600379268655016,0.011113329079376138,0.49296442733475443,0.01644628423652912,0.025806451612903226,0.035336939193881686,0.05
nsynth,primary,CBLOF,0.5427707863933616,0.05580541367881794,0.07196524766598417,0.018664100522337888,0.5229867271354735,0.02768570358512262,0.07096774193548387,0.05300540879082252,0.05
nsynth,primary,COPOD,0.5421553003242293,0.050668357047655085,0.07365863278150239,0.017225753975843135,0.5260120956895729,0.022720530394513286,0.07096774193548387,0.04205937035614612,0.05
nsynth,primary,KDE,0.5394185854811233,0.04640450086308065,0.061003469288741695,0.01252514167725064,0.4964872752304458,0.012624008713021963,0.04516129032258064,0.02885249003225535,0.05
nsynth,primary,GMM,0.5389349892839479,0.04004049240651979,0.056493332031225654,0.008877148560441247,0.49115383391710027,0.010870782749155905,0.025806451612903226,0.014426245016127675,0.05
nsynth,primary,ECOD,0.536791778864648,0.03969893665911595,0.06658176593469975,0.013546582003773212,0.5175896547435522,0.019628159345637334,0.07096774193548387,0.026989033114002435,0.05
nsynth,primary,AutoEncoder,0.5330439083365389,0.05309755325820607,0.05982264058595217,0.011414934737333814,0.49856396224941646,0.014463147400527586,0.058064516129032254,0.035336939193881686,0.05
nsynth,primary,DIF,0.5287904599659284,0.0469415514039933,0.06251742078658927,0.013527269731329993,0.5137949286030375,0.025037070477329688,0.08387096774193548,0.06288254416005783,0.05
nsynth,primary,ABOD,0.5196021322195967,0.04680045998895474,0.06493332306082802,0.018124536765553128,0.5163575256765863,0.026011836437391602,0.08387096774193548,0.06288254416005783,0.05
nsynth,primary,MCD,0.5082156399406496,0.05158779153619119,0.05647196158254562,0.012596506692651437,0.5076921297032767,0.02736022028761624,0.08387096774193548,0.0742636415046538,0.05
nsynth,primary,QMCD,0.4189152058031544,0.0555100336559902,0.11368522610601564,0.04285721982415412,0.534405613418059,0.02700841318772924,0.12903225806451613,0.060349312689902276,0.05
nsynth,secondary,SOD,0.9708523382975216,0.014026524742560944,0.7671035345601359,0.038668433770630076,0.9040501181513436,0.021924720370008068,0.7161290322580645,0.05300540879082256,0.05
nsynth,secondary,COF,0.9673462658680002,0.009098549261911174,0.6701906541929162,0.041467925900279,0.8747971759370399,0.011740607000321,0.6580645161290322,0.06689174630105724,0.05
nsynth,secondary,LOF,0.6149475188217838,0.04683827443353784,0.08412789633378322,0.01867298633475034,0.5129040935029776,0.025075628946852824,0.058064516129032254,0.05300540879082252,0.05
nsynth,secondary,HBOS,0.6073198878936088,0.0515772766623043,0.1900290365091502,0.03171161241003282,0.5895911124737161,0.022934056150012306,0.18608870967741936,0.02825818994853587,0.05
nsynth,secondary,IForest,0.5750508325548167,0.06729417159662614,0.11764497685107478,0.062062523184369243,0.5463682561902916,0.031044820119332888,0.14838709677419354,0.05397806622800487,0.05
nsynth,secondary,LMDD,0.5742210254437545,0.0562596958934897,0.11325365798799185,0.04428437161101162,0.5463451176162641,0.03367881970372273,0.11612903225806451,0.0489217770583971,0.05
nsynth,secondary,OCSVM,0.5658185415178326,0.05436029112120863,0.0724929411052713,0.019306443387418482,0.5185325516351741,0.025812076582539718,0.09032258064516129,0.062049626005391434,0.05
nsynth,secondary,VAE,0.5638951475517942,0.03377757156560807,0.06691683242278915,0.012578458589687525,0.5074144668149463,0.018702605462977667,0.058064516129032254,0.05300540879082252,0.05
nsynth,secondary,LUNAR,0.5634665054679342,0.047688022559022894,0.08291870360649442,0.01851512910080356,0.5233742982504346,0.02430129528997849,0.09032258064516129,0.05300540879082252,0.05
nsynth,secondary,INNE,0.5587844150134638,0.053246500577306934,0.06610499585224262,0.011934925618189032,0.5077962532864007,0.010969768467816918,0.07055811571940604,0.01466417514855169,0.05
nsynth,secondary,Sampling,0.557685332747156,0.05405368267590555,0.07263502820811343,0.015582294878663782,0.5206844390197343,0.02655986167907953,0.09032258064516129,0.0661093597803845,0.05
nsynth,secondary,PCA,0.5554212232785625,0.05483353535402388,0.0750635862095069,0.020772351579009363,0.5277012115935825,0.027336354871239078,0.1032258064516129,0.04784644185223008,0.05
nsynth,secondary,KPCA,0.5521789305929549,0.04334125738737879,0.06087423798372904,0.012392153126472686,0.4961575505505535,0.014477161095583268,0.05161290322580645,0.03677985242255284,0.05
nsynth,secondary,LODA,0.5508270594053964,0.06877240629144783,0.08176866221382897,0.036313015309971955,0.5273888408442109,0.03177654398395081,0.09032258064516129,0.0577049800645107,0.05
nsynth,secondary,CBLOF,0.5468923448920151,0.061627912994092794,0.06854191699919467,0.017468054670455552,0.5145758554764666,0.020774737989751112,0.08387096774193548,0.04892177705839709,0.05
nsynth,secondary,KNN,0.5436390613837446,0.04642140528620783,0.05865583765507876,0.00973606849487417,0.4903381991826299,0.013780652069445745,0.01935483870967742,0.02885249003225535,0.05
nsynth,secondary,COPOD,0.5400560531955817,0.05024571213061464,0.07179854986313604,0.016035736284709255,0.5236577457822718,0.021316552602695743,0.06451612903225806,0.04561979233461597,0.05
nsynth,secondary,KDE,0.539517502885091,0.046847448500234284,0.06102902061039547,0.012619043504901277,0.4997845220293686,0.020957806135634936,0.058064516129032254,0.05300540879082252,0.05
nsynth,secondary,ECOD,0.5361103478595373,0.04030704586022248,0.06580879012199299,0.013439156815044697,0.5166641117824511,0.01920768425013525,0.07096774193548387,0.026989033114002435,0.05
nsynth,secondary,GMM,0.5345936143320327,0.04214443096080189,0.0560381589502875,0.009520411944773613,0.4912695267872379,0.011092459294599406,0.025806451612903226,0.014426245016127675,0.05
nsynth,secondary,DIF,0.5311644776611529,0.055008334519306326,0.06520161073966194,0.017823176633653872,0.515397274854444,0.027770343813066086,0.07741935483870968,0.04892177705839709,0.05
nsynth,secondary,AutoEncoder,0.5263834698027148,0.04738176984429572,0.05741801693387964,0.008814702235310478,0.49807805219483836,0.014099298724451483,0.058064516129032254,0.035336939193881686,0.05
nsynth,secondary,MCD,0.5119085563554432,0.05009964007865012,0.05629908172423478,0.012055760862833874,0.5064195081317626,0.026705845340045404,0.07741935483870968,0.0742636415046538,0.05
nsynth,secondary,ABOD,0.5068857503984173,0.042789663128030064,0.059581547363790635,0.01154354651085996,0.5091209366494767,0.015702369248894326,0.07096774193548387,0.04205937035614612,0.05
nsynth,secondary,QMCD,0.4182997197340221,0.05852061436954064,0.11898216468229936,0.05255280548385153,0.5383623095767666,0.029098865628017858,0.12903225806451613,0.060349312689902276,0.05
mimii,primary,DIF,0.9402421902421902,0.008072483463046738,0.4853392593118417,0.06710017869334135,0.7851988694093958,0.026740337174403737,0.5054545454545455,0.06479465338620165,0.05
mimii,primary,GMM,0.6638820638820639,0.03833454153909605,0.10022935511029925,0.019957849240732524,0.5603258761153498,0.022339179361598568,0.14545454545454545,0.03401506715249037,0.05
mimii,primary,KDE,0.6592664092664092,0.03551763905963289,0.31314463903856665,0.06504036842491252,0.611261569156306,0.0342418972129,0.26181818181818184,0.06504925025453934,0.05
mimii,primary,MCD,0.6504422604422604,0.044949357659876385,0.16083865476378975,0.06207965879783568,0.6127431601115811,0.03700559005030043,0.3018181818181818,0.06376610151545521,0.05
mimii,primary,VAE,0.6164654264654265,0.046542134333433585,0.3156740556126221,0.07337016147931706,0.6239751713435924,0.031864410402215826,0.28727272727272724,0.05947428085016773,0.05
mimii,primary,OCSVM,0.6096033696033696,0.03569499575214878,0.3288160955797054,0.05834741351283848,0.6248803827751196,0.031302253079035676,0.28727272727272724,0.05947428085016773,0.05
mimii,primary,AutoEncoder,0.6043313443313443,0.02442502342063238,0.327745465866401,0.05726551464162881,0.6248434353697512,0.031327765799249556,0.28727272727272724,0.05947428085016773,0.05
mimii,primary,Sampling,0.6009617409617409,0.06649731339688814,0.31734589261443535,0.07596262584948132,0.6241414346677504,0.03212569354323765,0.28727272727272724,0.05947428085016773,0.05
mimii,primary,KPCA,0.5895577395577396,0.03516370147297588,0.3266842952725226,0.058090848141694865,0.6248803827751196,0.031302253079035676,0.28727272727272724,0.05947428085016773,0.05
mimii,primary,KNN,0.5866444366444366,0.034292096594253405,0.3264331943359391,0.05798702129624941,0.6248803827751196,0.031302253079035676,0.28727272727272724,0.05947428085016773,0.05
mimii,primary,CBLOF,0.5852263952263952,0.07486797931313689,0.3225879575872209,0.0679283398684249,0.6245478561268035,0.03166478217216401,0.28727272727272724,0.05947428085016773,0.05
mimii,primary,PCA,0.582081432081432,0.04029361918953322,0.3232844942029973,0.05891749232614803,0.6246032772348562,0.03128833547055613,0.28727272727272724,0.05947428085016773,0.05
mimii,primary,SOD,0.578080028080028,0.016005563086067702,0.1259704200499891,0.04048582188486595,0.5435111119321645,0.018390213328446193,0.13454545454545455,0.03544288852657805,0.05
mimii,primary,ABOD,0.5763846963846964,0.019848498029916603,0.057135964822885146,0.002478948637079738,0.47928543718017397,0.003051053783600886,0.007272727272727273,0.009958591954639384,0.05
mimii,primary,LOF,0.5703404703404703,0.042410413562158404,0.16505321038207452,0.04543748205932769,0.5913432229221703,0.024112983979572344,0.25090909090909086,0.03941724252487055,0.05
mimii,primary,LUNAR,0.5654545454545454,0.014136332696277813,0.05385002606400889,0.001815898822632266,0.47466331676857987,0.0008250323353850042,0.0,0.0,0.05
mimii,primary,ECOD,0.5617760617760618,0.02653958718150908,0.05446650695283025,0.00431589262257747,0.48771314034471924,0.008217502903197458,0.03272727272727273,0.02696799449852968,0.05
mimii,primary,COPOD,0.5563495963495964,0.01998414341186095,0.05966233529565727,0.007130280557945059,0.5105022999759842,0.014098437107732504,0.061818181818181814,0.02439346884545225,0.05
mimii,primary,INNE,0.5208336258336258,0.06993837217130326,0.054317289432998864,0.007001536542324038,0.5000265404787159,0.005726097111813551,0.09365905198165739,0.01906321764909202,0.05
mimii,primary,LODA,0.5000456300456301,0.12579725483589588,0.16978248452790917,0.1525895150133379,0.5578319262529788,0.08196543201608811,0.16,0.14960001767799427,0.05
mimii,primary,LMDD,0.47318883818883817,0.07430359360889513,0.058330569978791005,0.018001161828976684,0.5057545583861373,0.038626645902405096,0.05454545454545454,0.07496555682941201,0.05
mimii,primary,QMCD,0.4298911898911899,0.06250372336956186,0.04484547472689735,0.006440737404434117,0.48666013929171825,0.00811435809426399,0.025454545454545452,0.009958591954639382,0.05
mimii,primary,COF,0.4143173043173044,0.07457299054248312,0.07916374192618872,0.03842804720683084,0.520116014852857,0.017269096324142013,0.08363636363636363,0.041857688848077584,0.05
mimii,primary,IForest,0.410979290979291,0.0822125590338162,0.0405335173066,0.004865336497756023,0.47642570800465533,0.0036564540094133607,0.007272727272727273,0.009958591954639384,0.05
mimii,primary,HBOS,0.2039066339066339,0.007544309392774237,0.03041704204966674,0.0002287221230673188,0.47368421052631576,0.0,0.0,0.0,0.05
mimii,secondary,DIF,0.9172376272376273,0.016238856837996016,0.28858140225075163,0.04493887607727177,0.694622305148621,0.04214006390839219,0.3236363636363636,0.062191386823589365,0.05
mimii,secondary,MCD,0.6531590031590031,0.03963270769174081,0.1832244146983916,0.033551068018272415,0.6215551162919584,0.026608505812003955,0.3090909090909091,0.05604012729971798,0.05
mimii,secondary,SOD,0.5912214812214812,0.017652759110015796,0.13926721309709783,0.03591078541333769,0.54891651733757,0.016128672410302587,0.14545454545454545,0.028747978728803452,0.05
mimii,secondary,COPOD,0.5442120042120042,0.025762975651754855,0.05827095652540911,0.00728057711597503,0.5088138035506456,0.014554901493610925,0.061818181818181814,0.027574092523823823,0.05
mimii,secondary,ECOD,0.53999297999298,0.02624471016982635,0.05221053551018906,0.004136927369175386,0.4880456669930354,0.008391074223172977,0.03272727272727273,0.02696799449852968,0.05
mimii,secondary,QMCD,0.4657353457353457,0.030442632970619964,0.045375302464925875,0.002572420965815512,0.47368421052631576,0.0,0.0,0.0,0.05
mimii,secondary,OCSVM,0.4627939627939628,0.023454510171687544,0.04387931690046665,0.0017692683901166786,0.47368421052631576,0.0,0.0,0.0,0.05
mimii,secondary,KDE,0.45176904176904176,0.03236499323149976,0.04303437655506921,0.002717953560997819,0.47368421052631576,0.0,0.0,0.0,0.05
mimii,secondary,GMM,0.4501193401193401,0.021436171495049845,0.043647881335104215,0.0023103488370233706,0.4881454249875302,0.00526043995704345,0.03272727272727273,0.015212000482437735,0.05
mimii,secondary,Sampling,0.44324324324324327,0.06213429365198241,0.042847706263871785,0.004509446037014346,0.47368421052631576,0.0,0.0,0.0,0.05
mimii,secondary,LMDD,0.43832923832923837,0.09724661095174332,0.04813268156735381,0.010434500717481632,0.4823225139014612,0.015417439945992989,0.007272727272727273,0.016262312563634834,0.05
mimii,secondary,PCA,0.4362723762723763,0.02925985169111827,0.04178030289143288,0.0019833475015221974,0.47368421052631576,0.0,0.0,0.0,0.05
mimii,secondary,CBLOF,0.429010179010179,0.03523457236515277,0.04166684867347092,0.0017643846685781747,0.47368421052631576,0.0,0.0,0.0,0.05
mimii,secondary,IForest,0.4240645840645841,0.03510064364161841,0.04148509058213716,0.00302357833027063,0.47828785723522566,0.00898343889906859,0.007272727272727273,0.016262312563634834,0.05
mimii,secondary,LODA,0.40366795366795366,0.15762414924643922,0.04155399325635532,0.010432340474519613,0.47368421052631576,0.0,0.0,0.0,0.05
mimii,secondary,VAE,0.38904878904878903,0.06785431557279854,0.0388967421615601,0.0042851406498114804,0.47368421052631576,0.0,0.0,0.0,0.05
mimii,secondary,COF,0.3658546858546859,0.06346757613315766,0.07536034722030151,0.03463148080860141,0.5210803421329737,0.02056921572052331,0.08363636363636363,0.03770262064241403,0.05
mimii,secondary,KPCA,0.36305019305019304,0.0077195603033082885,0.03862814508320766,0.0005602291107506921,0.47368421052631576,0.0,0.0,0.0,0.05
mimii,secondary,KNN,0.3407055107055107,0.013276020469760988,0.03622769388314559,0.0007045707056755843,0.47368421052631576,0.0,0.0,0.0,0.05
mimii,secondary,AutoEncoder,0.3128325728325728,0.051432350436628894,0.03471512128573905,0.0022040533525648793,0.47368421052631576,0.0,0.0,0.0,0.05
mimii,secondary,LUNAR,0.2526746226746227,0.05948606421361126,0.03241169098946274,0.002341140675789425,0.47368421052631576,0.0,0.0,0.0,0.05
mimii,secondary,LOF,0.2512144612144612,0.049543959715965216,0.03158232376333868,0.0019812503776865066,0.47368421052631576,0.0,0.0,0.0,0.05
mimii,secondary,INNE,0.24165672165672164,0.039810176412720874,0.03435875465072282,0.0026609277313576728,0.4743823707797021,0.0015611337857603523,0.0024793388429752068,0.00554397019214824,0.05
mimii,secondary,ABOD,0.22217269217269217,0.05889192657812117,0.032030931144027275,0.0028563934594536284,0.47917828970460546,0.0050370507635074625,0.010909090909090908,0.009958591954639382,0.05
mimii,secondary,HBOS,0.19008073008073006,0.00469446403266262,0.03005917835698414,0.00019483122901100744,0.47368421052631576,0.0,0.0,0.0,0.05
physionet,primary,QMCD,0.6756249999999999,0.11791234164624158,0.15079574241930396,0.08200772911249249,0.506578947368421,0.05697535551213417,0.05,0.1118033988749895,0.05
physionet,primary,SOD,0.5506249999999999,0.14115179107967418,0.10422817042747515,0.0675896313553482,0.5263157894736842,0.075729371271193,0.05,0.1118033988749895,0.05
physionet,primary,MCD,0.513125,0.06619543743718297,0.12076098787374742,0.11209227309634873,0.5131578947368421,0.05405156817485196,0.05,0.1118033988749895,0.05
physionet,primary,INNE,0.49250000000000005,0.023962861890851048,0.04842785777255363,0.0003219057052631007,0.49032327321801006,0.009302486664754282,0.0739909115209837,0.04136563185020737,0.05
physionet,primary,DIF,0.48375,0.18785643204985022,0.08063759496452778,0.038483082660822995,0.5098684210526316,0.035657045047169135,0.05,0.1118033988749895,0.05
physionet,primary,COF,0.478125,0.11568832725257981,0.06336508985622678,0.021052196673548122,0.48684210526315785,0.029421947072365666,0.0,0.0,0.05
physionet,primary,LODA,0.421875,0.1772594100111472,0.06110590586974816,0.02339897710422253,0.47697368421052627,0.007355486768091427,0.0,0.0,0.05
physionet,primary,LMDD,0.3975,0.0577977177047243,0.06048701298701298,0.03277202992421049,0.4934210526315789,0.04413292060854852,0.05,0.1118033988749895,0.05
physionet,primary,ABOD,0.3625,0.1298850152538775,0.05796452057429424,0.024069722184838646,0.4934210526315789,0.027025784087425956,0.0,0.0,0.05
physionet,primary,GMM,0.34875,0.13722629007409623,0.04797198000033285,0.016083898359506625,0.47368421052631576,0.0,0.0,0.0,0.05
physionet,primary,IForest,0.29500000000000004,0.15246349460608594,0.04348086063706961,0.01034066184533942,0.47368421052631576,0.0,0.0,0.0,0.05
physionet,primary,HBOS,0.24500000000000002,0.1825064211199157,0.05046463474788039,0.032764796223588064,0.4901315789473684,0.03677743384045709,0.05,0.11180339887498948,0.05
physionet,primary,KDE,0.2425,0.1055954100564982,0.04101128014102568,0.008383459690634925,0.47368421052631576,0.0,0.0,0.0,0.05
physionet,primary,LOF,0.2425,0.1372440800180467,0.04479863252521033,0.01843207328677829,0.48355263157894735,0.02206646030427422,0.0,0.0,0.05
physionet,primary,COPOD,0.240625,0.13886045715933676,0.03986595059410368,0.007612912295943598,0.47368421052631576,0.0,0.0,0.0,0.05
physionet,primary,VAE,0.24,0.11578114456810314,0.04014045771062326,0.006891003683876994,0.47368421052631576,0.0,0.0,0.0,0.05
physionet,primary,AutoEncoder,0.236875,0.11089127558108436,0.03880276561929774,0.005892678693106489,0.47368421052631576,0.0,0.0,0.0,0.05
physionet,primary,ECOD,0.234375,0.1655217838760204,0.041269910783710104,0.012654697003575514,0.47368421052631576,0.0,0.0,0.0,0.05
physionet,primary,KPCA,0.23125,0.10229304564583067,0.03936575429887022,0.006524673803297471,0.47368421052631576,0.0,0.0,0.0,0.05
physionet,primary,PCA,0.22999999999999998,0.10927674157843471,0.03915905422457196,0.006048365310666539,0.47368421052631576,0.0,0.0,0.0,0.05
physionet,primary,CBLOF,0.22937500000000002,0.11236102527122117,0.03926095064510944,0.006310679717807424,0.47368421052631576,0.0,0.0,0.0,0.05
physionet,primary,LUNAR,0.22749999999999998,0.12061447492942132,0.03981738905384781,0.0073229099648479965,0.47368421052631576,0.0,0.0,0.0,0.05
physionet,primary,Sampling,0.22687500000000002,0.11190380215837173,0.038877086204785416,0.0059251822457432385,0.47368421052631576,0.0,0.0,0.0,0.05
physionet,primary,OCSVM,0.22625,0.10683661591420802,0.038868046542219134,0.006055278718839587,0.47368421052631576,0.0,0.0,0.0,0.05
physionet,primary,KNN,0.21999999999999997,0.11096170510586072,0.03845169320822855,0.005809747807702938,0.47368421052631576,0.0,0.0,0.0,0.05
physionet,secondary,QMCD,0.65625,0.11665504034331303,0.1475518497288768,0.08613465448625894,0.5164473684210525,0.06109926191120632,0.05,0.1118033988749895,0.05
physionet,secondary,LODA,0.56375,0.20189047928270418,0.11601309071047769,0.06421294206902715,0.5131578947368421,0.05528860629595925,0.05,0.11180339887498948,0.05
physionet,secondary,SOD,0.551875,0.12174672736874691,0.0989980169953506,0.06015879218199544,0.5131578947368421,0.0703593738033139,0.05,0.1118033988749895,0.05
physionet,secondary,MCD,0.514375,0.0698281931779708,0.12239924316112442,0.11475913479812813,0.5131578947368421,0.05528860629595926,0.05,0.1118033988749895,0.05
physionet,secondary,INNE,0.50125,0.02313344440415218,0.04879220586047896,0.0008493284287018092,0.4952137171710088,0.01204397659059715,0.0742200328407225,0.04151462224777795,0.05
physionet,secondary,DIF,0.49874999999999997,0.11772999431962956,0.06947872431203458,0.025191068455334507,0.48684210526315785,0.029421947072365666,0.0,0.0,0.05
physionet,secondary,COF,0.484375,0.10944194379898411,0.06626777442135455,0.02538993342379489,0.4901315789473684,0.0367774338404571,0.05,0.1118033988749895,0.05
physionet,secondary,ABOD,0.39875,0.18377285147023212,0.06654534391728245,0.02795627708531396,0.4967105263157895,0.027521711399147226,0.0,0.0,0.05
physionet,secondary,LMDD,0.39249999999999996,0.06302901117739354,0.060553150553150546,0.03273237054475323,0.4934210526315789,0.04413292060854852,0.05,0.1118033988749895,0.05
physionet,secondary,GMM,0.35687499999999994,0.13216570446791404,0.04877461110764175,0.01652598236698431,0.47368421052631576,0.0,0.0,0.0,0.05
physionet,secondary,IForest,0.26875,0.11877055743112433,0.04207832159655141,0.00993686238821916,0.47368421052631576,0.0,0.0,0.0,0.05
physionet,secondary,COPOD,0.24812499999999998,0.14955337153504764,0.04046795974396814,0.00841563060125107,0.47368421052631576,0.0,0.0,0.0,0.05
physionet,secondary,KDE,0.24500000000000002,0.1039643869312949,0.04109948575633414,0.008324406079967022,0.47368421052631576,0.0,0.0,0.0,0.05
physionet,secondary,HBOS,0.23874999999999996,0.18226547430876752,0.05415002119956869,0.04214291269442218,0.4934210526315789,0.04413292060854852,0.05,0.11180339887498948,0.05
physionet,secondary,AutoEncoder,0.2375,0.11885275159835385,0.03897975837940722,0.006642334866419966,0.47368421052631576,0.0,0.0,0.0,0.05
physionet,secondary,ECOD,0.23562500000000003,0.16633984884116015,0.041338521418358476,0.012658639670283169,0.47368421052631576,0.0,0.0,0.0,0.05
physionet,secondary,VAE,0.23312499999999997,0.11264313810658862,0.03939420164994183,0.006772591706932682,0.47368421052631576,0.0,0.0,0.0,0.05
physionet,secondary,PCA,0.23125,0.11075028216668345,0.03915051573022637,0.005974515124709402,0.47368421052631576,0.0,0.0,0.0,0.05
physionet,secondary,KPCA,0.22937500000000002,0.09957428916392023,0.038820725397899915,0.005744069791507309,0.47368421052631576,0.0,0.0,0.0,0.05
physionet,secondary,LOF,0.22937499999999997,0.1260618957595831,0.039131760502006736,0.006743645908666157,0.47368421052631576,0.0,0.0,0.0,0.05
physionet,secondary,CBLOF,0.22875,0.10671772052944159,0.0390006362888525,0.005677287722321557,0.47368421052631576,0.0,0.0,0.0,0.05
physionet,secondary,Sampling,0.226875,0.0993042200764902,0.04054278007937136,0.007831379820597121,0.47368421052631576,0.0,0.0,0.0,0.05
physionet,secondary,OCSVM,0.22562500000000002,0.10989608017349847,0.03883241659057089,0.006004180520381317,0.47368421052631576,0.0,0.0,0.0,0.05
physionet,secondary,KNN,0.225,0.10618104380020003,0.03859777712741628,0.005510326073898919,0.47368421052631576,0.0,0.0,0.0,0.05
physionet,secondary,LUNAR,0.224375,0.1173311619413189,0.03844305424778115,0.005873561505081098,0.47368421052631576,0.0,0.0,0.0,0.05
icbhi,primary,COF,0.6864388566516226,0.022338896529461902,0.10295084374739949,0.014551379890894259,0.5424595588835978,0.027872841529800255,0.13617021276595745,0.04898240184349506,0.05
icbhi,primary,SOD,0.6620292762136735,0.01355602905188839,0.09900637584724423,0.02514693321224941,0.5322592605160728,0.021445756766769665,0.1106382978723404,0.04612656040144425,0.05
icbhi,primary,LOF,0.543926260238317,0.03354918744258622,0.06862662400968259,0.012915689322087448,0.5177707144859067,0.018338074864242184,0.08085106382978724,0.038060731531911314,0.05
icbhi,primary,MCD,0.5328032093989541,0.03468151097308057,0.07140214607876708,0.006954106670881033,0.5306078075768259,0.010255811478762977,0.11914893617021276,0.024259051597853996,0.05
icbhi,primary,GMM,0.49204097714736006,0.025862352094023315,0.06296709648517129,0.003675635352631629,0.5184519074030085,0.012140932253083873,0.09787234042553192,0.024259051597853996,0.05
icbhi,primary,LMDD,0.47799746877761057,0.022935009671672675,0.06349196657621411,0.013228679843092185,0.5149026660784779,0.0190344116229061,0.08085106382978723,0.038060731531911314,0.05
icbhi,primary,ABOD,0.4730759127922249,0.030830787469025327,0.058049482208293104,0.013683085934728756,0.5078569695964246,0.021921428835199774,0.06382978723404255,0.045134475394886006,0.05
icbhi,primary,LUNAR,0.47172433555412285,0.05135022580098539,0.06283123149079547,0.013404684573354681,0.513678529729295,0.024372461364063326,0.07234042553191489,0.044120087985803656,0.05
icbhi,primary,KDE,0.46674308092747807,0.04412960841048598,0.06884504187096731,0.020767866939036587,0.5164460330567087,0.026803722694720904,0.09361702127659574,0.05124082799486083,0.05
icbhi,primary,CBLOF,0.46537240012417314,0.03304717318499037,0.06832744395101711,0.011656015752118346,0.5232353395847237,0.012788262951496017,0.09787234042553192,0.03560255432059895,0.05
icbhi,primary,Sampling,0.4577214222604294,0.03553233839970643,0.06689948372461871,0.015904635122712733,0.5200053288892408,0.01872100090349997,0.08936170212765956,0.03496101430884039,0.05
icbhi,primary,KNN,0.4574826276953937,0.0396795128637702,0.06408306621298236,0.014607440096892684,0.518836492334066,0.021963348302002382,0.09787234042553192,0.04412008798580366,0.05
icbhi,primary,KPCA,0.45696683143491656,0.03103052266607234,0.06403805280101176,0.01392407726295817,0.516823077106765,0.021188067096162208,0.09787234042553192,0.05124082799486083,0.05
icbhi,primary,VAE,0.45178021348234115,0.030394662075929474,0.06477722691848417,0.014221613952606436,0.5189320101600804,0.014185787652309422,0.07659574468085106,0.024259051597854,0.05
icbhi,primary,OCSVM,0.44720490961625714,0.025540424496177556,0.06512921866232861,0.015456494964404691,0.5206161402503321,0.01777993452256445,0.09787234042553192,0.03560255432059896,0.05
icbhi,primary,INNE,0.4389569453399241,0.02946249530456649,0.05522716597490388,0.009144085361994994,0.5130526366062014,0.012374902538935322,0.0891825307950728,0.0380878704390594,0.05
icbhi,primary,DIF,0.4370465888196384,0.03378653407310072,0.0602410941222533,0.010513082498673507,0.5193442449881419,0.014434394986272914,0.09361702127659574,0.028545548648933487,0.05
icbhi,primary,AutoEncoder,0.4340330014088879,0.03268885220008649,0.06158469658847793,0.02021893637704992,0.5172503936968289,0.020038283428459987,0.08085106382978723,0.03806073153191131,0.05
icbhi,primary,LODA,0.432862908040213,0.0282632812615832,0.06039828789098652,0.01404096485809618,0.5199952743812393,0.020313633645096973,0.08510638297872339,0.042553191489361694,0.05
icbhi,primary,COPOD,0.4306134632375767,0.03598553439616385,0.06082944329379845,0.018773098830376478,0.5111096029349109,0.02217879237457265,0.06808510638297871,0.050797176111971584,0.05
icbhi,primary,ECOD,0.42597607278458344,0.034151156943771854,0.05500352095343738,0.012978086982933,0.5067208101922548,0.018069725682161124,0.06382978723404256,0.04757591441488914,0.05
icbhi,primary,IForest,0.42221267043962085,0.04042938320890474,0.059912786954375,0.017936789688025187,0.5161946703566711,0.019386478810048288,0.08510638297872339,0.04513447539488601,0.05
icbhi,primary,PCA,0.4215153903097165,0.029891902668949425,0.06140892357254908,0.015264262828324793,0.5190778005261022,0.018483249875853935,0.09787234042553192,0.041475720616208356,0.05
icbhi,primary,QMCD,0.42002531222389383,0.03578299546499707,0.060010242301240926,0.018862697792628825,0.5121653262750687,0.020500266372452926,0.07659574468085106,0.03560255432059896,0.05
icbhi,primary,HBOS,0.4093320916015951,0.03398464315516437,0.06072102480839241,0.022952978700528936,0.5092243826846291,0.02184343924268323,0.06808510638297872,0.040926349067385834,0.05
icbhi,secondary,COF,0.6853260739785563,0.023506966576708536,0.10322570201178449,0.014565049106153624,0.5421830599135564,0.02739421496439024,0.13191489361702127,0.04612656040144426,0.05
icbhi,secondary,SOD,0.658046182868878,0.01563211856706881,0.09765272111694268,0.02438452103638802,0.5315453904479661,0.02110911045241494,0.10638297872340426,0.0425531914893617,0.05
icbhi,secondary,LOF,0.5395467679155622,0.03118585983573672,0.06713397762847592,0.011502927128137714,0.5183966076090003,0.018710537617199558,0.08936170212765956,0.04612656040144425,0.05
icbhi,secondary,MCD,0.5326647085512335,0.034807933000828434,0.07125248978655485,0.007092239382300532,0.5301277048197541,0.010714196875582003,0.11489361702127661,0.024259051597854,0.05
icbhi,secondary,GMM,0.49091864269169233,0.026505989117469254,0.0629100966197453,0.003594607783782392,0.5179692910189364,0.012103533589921035,0.09787234042553192,0.024259051597853996,0.05
icbhi,secondary,LMDD,0.4802063185041908,0.02359861147067905,0.06350160043732753,0.013068469217143976,0.514749334831455,0.018788087316846357,0.08085106382978723,0.038060731531911314,0.05
icbhi,secondary,ABOD,0.47406452229147267,0.029673665165932308,0.05604218580909239,0.011407606762907077,0.5086638438635452,0.019113068318128174,0.07234042553191489,0.03865085558422329,0.05
icbhi,secondary,LUNAR,0.47025336103350285,0.05346477900643045,0.06309677921471907,0.01413285723407431,0.5134548169262615,0.023814467873907168,0.07659574468085106,0.04898240184349505,0.05
icbhi,secondary,CBLOF,0.4642882727989111,0.037762576434418674,0.07171429728253557,0.021824307093114375,0.5228582955346673,0.021442860101179205,0.09361702127659574,0.0386508555842233,0.05
icbhi,secondary,KDE,0.4635862167777061,0.04503064861601147,0.06025808360946396,0.011967531084326381,0.5118209593760172,0.021880929209483507,0.0851063829787234,0.047575914414889134,0.05
icbhi,secondary,KNN,0.4566181913699644,0.04004048137084293,0.06391231611880022,0.014573544340896133,0.5185826160070282,0.02141916383210833,0.09787234042553192,0.04412008798580366,0.05
icbhi,secondary,KPCA,0.4547603696539867,0.03133946913085433,0.06327628884712996,0.013509194364525457,0.5162449428966787,0.02041208600310944,0.08936170212765956,0.038060731531911314,0.05
icbhi,secondary,VAE,0.45286911669890395,0.03072308731440699,0.06593606698049208,0.013881611054316264,0.5189873099540886,0.015343252098714847,0.07659574468085106,0.028545548648933487,0.05
icbhi,secondary,Sampling,0.4492633187668649,0.023541277308963424,0.06858409105572728,0.013838305076738102,0.5208876119663727,0.015905833635974857,0.09361702127659574,0.03560255432059896,0.05
icbhi,secondary,OCSVM,0.44560976192181867,0.02522617579568743,0.06522615583226729,0.015479907969071246,0.5205155951703171,0.01766640691184116,0.09787234042553192,0.03560255432059896,0.05
icbhi,secondary,LODA,0.4397879504262483,0.03965561052889261,0.060543316578327934,0.01663604160112774,0.5102951877867892,0.02226047160022056,0.07659574468085106,0.05748619611109062,0.05
icbhi,secondary,AutoEncoder,0.43759104042791985,0.03391453275918673,0.055782128571330934,0.010320257070638267,0.5148347981494678,0.01801223655596163,0.07659574468085106,0.03560255432059896,0.05
icbhi,secondary,DIF,0.4363397569071328,0.02904571289299025,0.05802404110871673,0.010317047270959175,0.5174565111108598,0.01882931334501406,0.09361702127659574,0.03560255432059896,0.05
icbhi,secondary,INNE,0.4317047543997898,0.030236894459162132,0.052632915098818046,0.00670593970837986,0.5136458525782901,0.011282925863234273,0.08510638297872339,0.03364125170391893,0.05
icbhi,secondary,COPOD,0.4287651933042004,0.035623561775675744,0.06068951277090802,0.01878269174059018,0.5112126616419262,0.022157538244350315,0.06808510638297871,0.050797176111971584,0.05
icbhi,secondary,ECOD,0.4246435991116842,0.034196542315045556,0.05425422730315891,0.012372508161599932,0.5065699925722322,0.01782783548540433,0.06382978723404256,0.04757591441488914,0.05
icbhi,secondary,PCA,0.41967667215894167,0.029519849420502505,0.06142005194020874,0.015281946961970317,0.5191280730661096,0.01843124689725259,0.09787234042553192,0.041475720616208356,0.05
icbhi,secondary,QMCD,0.41664875707428894,0.0353100824749212,0.05921570088269055,0.017918427005155994,0.5117128734150012,0.020124418637643342,0.07659574468085106,0.03560255432059896,0.05
icbhi,secondary,IForest,0.41628578933543475,0.035371051083823705,0.05872035671450049,0.01312990957341636,0.5144049679324035,0.016296071340019255,0.08085106382978723,0.038060731531911314,0.05
icbhi,secondary,HBOS,0.4076079948420374,0.036062441023592025,0.06028852868488033,0.02293804288344839,0.508568326037531,0.02188610099833679,0.06808510638297872,0.040926349067385834,0.05
esc50,primary,MCD,0.69725,0.014661546217913067,0.3493401058142781,0.021556655422796927,0.5296052631578948,0.00465201829727996,0.27,0.04472135954999577,0.2
esc50,primary,Sampling,0.696125,0.11124947331336005,0.39432019228091736,0.08329142199537339,0.5453947368421053,0.013839265768396468,0.31,0.10246950765959598,0.2
esc50,primary,AutoEncoder,0.691375,0.02572161663853964,0.3676781373440234,0.007732433696302869,0.5421052631578946,0.0058843894144731,0.33999999999999997,0.0651920240520265,0.2
esc50,primary,CBLOF,0.683125,0.0662838946313507,0.3441357086664502,0.07660945977787512,0.5282894736842105,0.015002308224988608,0.32,0.09746794344808964,0.2
esc50,primary,QMCD,0.682125,0.013902562713399291,0.3028286989343825,0.014956680053040922,0.5171052631578947,0.009127919029941874,0.24,0.02236067977499789,0.2
esc50,primary,GMM,0.679,0.01545280112147961,0.35972921445313716,0.021721039164214532,0.5289473684210526,0.011489637629324348,0.24,0.02236067977499789,0.2
esc50,primary,KNN,0.677125,0.01784591164664893,0.37587323039467313,0.025668333396143245,0.5440789473684211,0.01003154650130059,0.27999999999999997,0.027386127875258286,0.2
esc50,primary,IForest,0.6752499999999999,0.034755282871816784,0.32773433418039366,0.03430618220381092,0.5282894736842105,0.010810313634970358,0.29,0.041833001326703756,0.2
esc50,primary,DIF,0.675,0.02708854116596161,0.3063339676593785,0.018879560615190003,0.4960526315789474,0.014966201534312305,0.37,0.02738612787525833,0.2
esc50,primary,HBOS,0.6635,0.01212403346663143,0.26406508470477935,0.0076121508784143905,0.47631578947368425,0.001471097353618298,0.21000000000000002,0.022360679774997894,0.2
esc50,primary,KPCA,0.663,0.016911996481787716,0.3361375428361097,0.015175742732839507,0.5355263157894736,0.008826584121709682,0.19,0.0223606797749979,0.2
esc50,primary,VAE,0.6453749999999999,0.03146364469510805,0.3257078367700089,0.02314802684934928,0.5223684210526316,0.005405156817485169,0.24,0.09617692030835674,0.2
esc50,primary,PCA,0.6371249999999999,0.02702574004537155,0.31664317570280565,0.014425852432916596,0.5217105263157895,0.004413292060854806,0.21000000000000002,0.022360679774997894,0.2
esc50,primary,KDE,0.634875,0.01696964201154521,0.3209231920060251,0.01876712661737543,0.5184210526315789,0.010297681475327981,0.29,0.04183300132670376,0.2
esc50,primary,COPOD,0.6345,0.023349417819294765,0.28158352448454776,0.011479042061254417,0.5078947368421052,0.002942194707236573,0.30999999999999994,0.0223606797749979,0.2
esc50,primary,OCSVM,0.63,0.026175489489214894,0.33031423624875655,0.01747720868426851,0.5355263157894736,0.008826584121709712,0.27,0.027386127875258296,0.2
esc50,primary,LUNAR,0.62775,0.020839790665935262,0.32391314020819495,0.0281022431333382,0.5335526315789474,0.01239568663251098,0.2,0.0,0.2
esc50,primary,LODA,0.6275,0.07338894671542841,0.28218088934597874,0.0420192752027434,0.5078947368421052,0.01368199627834566,0.26,0.09617692030835673,0.2
esc50,primary,INNE,0.62275,0.01987558961389577,0.3329731710856037,0.017582045082067895,0.5407894736842105,0.009476881770321034,0.22999999999999998,0.0273861278752583,0.2
esc50,primary,ABOD,0.62125,0.013206591630697165,0.3508574010373747,0.022003987301034037,0.5473684210526316,0.009758155904073243,0.29,0.02236067977499789,0.2
esc50,primary,LMDD,0.5841875,0.04226936501474798,0.2709566568479246,0.03688938607816788,0.5144736842105264,0.02189415959512336,0.22000000000000003,0.0758287544405155,0.2
esc50,primary,ECOD,0.576,0.023554292337066723,0.25784506438245863,0.013558794096731688,0.5105263157894736,0.00851459151680579,0.27999999999999997,0.027386127875258286,0.2
esc50,primary,SOD,0.56475,0.025699586572550122,0.2758729551261244,0.019434802254650194,0.5118421052631579,0.011996435874217443,0.25,0.03535533905932737,0.2
esc50,primary,LOF,0.547625,0.014680184348297516,0.2869999952072197,0.007734289743502425,0.5427631578947368,0.0,0.25,0.0,0.2
esc50,primary,COF,0.48925,0.016282419583710555,0.2238296196728069,0.006882866655787028,0.4947368421052632,0.0037505770562471603,0.27,0.0273861278752583,0.2
esc50,secondary,HBOS,0.63975,0.015287607317693614,0.25345139719719123,0.008919854094160438,0.48157894736842105,0.005975625698876644,0.21000000000000002,0.022360679774997894,0.2
esc50,secondary,IForest,0.633375,0.04150865873525669,0.27844481541399346,0.04342804634774424,0.5052631578947369,0.022017369119317776,0.22999999999999998,0.06708203932499367,0.2
esc50,secondary,DIF,0.6315000000000001,0.03624892239777618,0.28761936556339196,0.025313024363694127,0.5006578947368421,0.013442642593225373,0.31999999999999995,0.0273861278752583,0.2
esc50,secondary,QMCD,0.62675,0.016010250622648,0.285609256330046,0.01017299662937029,0.5348684210526315,0.0044132920608548265,0.19,0.0223606797749979,0.2
esc50,secondary,Sampling,0.61,0.0780612239687542,0.2777249481671829,0.05368271446745825,0.5006578947368421,0.021114219126159527,0.3,0.07905694150420947,0.2
esc50,secondary,GMM,0.6025,0.01576809476442856,0.2833691461067206,0.024887943389200178,0.5019736842105262,0.012654857935310126,0.19,0.0223606797749979,0.2
esc50,secondary,MCD,0.599875,0.02046529073822312,0.2616564025837333,0.014302763354486596,0.5138157894736842,0.00819072341972945,0.19,0.0223606797749979,0.2
esc50,secondary,COPOD,0.5931249999999999,0.02199076510719894,0.25982904013739583,0.012242713407704482,0.5046052631578947,0.00641236470053224,0.30999999999999994,0.02236067977499789,0.2
esc50,secondary,VAE,0.5908749999999999,0.0433319310670549,0.260318666363629,0.02541900202743801,0.4967105263157895,0.0046520182972799255,0.27,0.06708203932499367,0.2
esc50,secondary,SOD,0.589125,0.027402526115305522,0.3004091529080938,0.016211836935010878,0.5263157894736842,0.009868421052631603,0.26,0.04183300132670376,0.2
esc50,secondary,KPCA,0.573125,0.013221372375816352,0.24063604234296615,0.010477635155547465,0.5,0.00959038140599554,0.19,0.0223606797749979,0.2
esc50,secondary,CBLOF,0.571875,0.023036146867477653,0.25040402380798127,0.028260467390583428,0.5078947368421053,0.016708454077895143,0.22000000000000003,0.04472135954999579,0.2
esc50,secondary,PCA,0.5715,0.027739018097257855,0.24452980258779022,0.01304143646541894,0.4967105263157895,0.00465201829727992,0.2,0.0,0.2
esc50,secondary,LMDD,0.571,0.024727420255659504,0.2671399009821485,0.04285170474983223,0.5105263157894737,0.020063093002601208,0.25999999999999995,0.07416198487095663,0.2
esc50,secondary,AutoEncoder,0.561125,0.03257023660491277,0.23602014263254004,0.013196315355225328,0.49934210526315786,0.012175497054816953,0.22999999999999998,0.027386127875258293,0.2
esc50,secondary,ABOD,0.5545,0.010405827694133712,0.2436518381699791,0.017119335570961097,0.5052631578947369,0.012439256842887512,0.2,0.03535533905932738,0.2
esc50,secondary,INNE,0.54825,0.025997295532420313,0.21454517035856707,0.011630435346705796,0.48157894736842105,0.007572937127119293,0.18,0.027386127875258313,0.2
esc50,secondary,KDE,0.545,0.014010319857162438,0.23621457674333796,0.011145444716642697,0.5039473684210526,0.00997746768954155,0.16,0.0223606797749979,0.2
esc50,secondary,LODA,0.544625,0.0714889086677087,0.25170228786862203,0.04568495838516645,0.5059210526315789,0.023992871748434848,0.2,0.07071067811865475,0.2
esc50,secondary,KNN,0.542,0.015112856695542383,0.2321286107829909,0.007988425252296172,0.4947368421052632,0.002942194707236583,0.24,0.02236067977499789,0.2
esc50,secondary,LUNAR,0.5387500000000001,0.018624580532189156,0.23006691430243267,0.015240346020125294,0.4980263157894737,0.014820895165880015,0.19,0.0223606797749979,0.2
esc50,secondary,ECOD,0.530125,0.025637954042785883,0.23418813867424743,0.014649042239940305,0.5013157894736842,0.008256513419744158,0.27,0.027386127875258296,0.2
esc50,secondary,OCSVM,0.5233749999999999,0.026778897942223052,0.2237763122318824,0.010453449224691533,0.49736842105263157,0.005405156817485192,0.19,0.0223606797749979,0.2
esc50,secondary,COF,0.493375,0.024373397383212682,0.22159063792945943,0.008407886540439937,0.4894736842105263,0.010760149495918511,0.27999999999999997,0.02738612787525829,0.2
esc50,secondary,LOF,0.46275000000000005,0.012196310917650471,0.2314439173254621,0.01977942640105283,0.5111842105263158,0.009476881770321015,0.16,0.0223606797749979,0.2
urbansound8k,primary,KNN,0.8478546596907014,0.0005790031093688132,0.5947321268421832,0.0013813035205537567,0.6651257053621198,0.0011860918629248184,0.5809523809523809,0.003726003792552146,0.2
urbansound8k,primary,AutoEncoder,0.8464132681935252,0.003581543606328209,0.5863645848207332,0.009949966226823174,0.6581023259093647,0.010547996840797045,0.5959183673469388,0.014904015170208609,0.2
urbansound8k,primary,KDE,0.8433849600960928,0.0006346193528611476,0.5715684798778129,0.0017466881190743102,0.6534253411846376,0.0013238296103222679,0.5523809523809524,0.0030422693571425805,0.2
urbansound8k,primary,KPCA,0.8396983241513922,0.0006437600450431295,0.5954793507329945,0.0014612663195899902,0.6748213001579865,0.0012845334333254678,0.5850340136054422,0.0,0.2
urbansound8k,primary,LUNAR,0.8329856900315304,0.0020673094561646857,0.5423841452889918,0.005044558240739002,0.6157784711597086,0.00516925259671002,0.5496598639455782,0.005691564806354222,0.2
urbansound8k,primary,MCD,0.8293313929986257,0.0018781351419161728,0.609743398075502,0.005500207262736825,0.6829850517635345,0.004749160748379597,0.5727891156462585,0.01474794788345498,0.2
urbansound8k,primary,GMM,0.8259727660164236,0.0008335107340050641,0.5911437200876151,0.001510781614518826,0.6633385549734147,0.0010840343264445541,0.5809523809523809,0.003726003792552146,0.2
urbansound8k,primary,VAE,0.8032685400136286,0.014053705012514513,0.5472443333360479,0.04021127529295833,0.6420787598392051,0.03566205781783144,0.5074829931972789,0.0528252208389583,0.2
urbansound8k,primary,CBLOF,0.8015591975330031,0.016306612785964916,0.53870801184964,0.03162807532528984,0.6359574658207487,0.021800564460228256,0.47619047619047616,0.038482001697227104,0.2
urbansound8k,primary,Sampling,0.7941743760322465,0.034259472597364116,0.5356550640183791,0.052389994047932584,0.6546763464567312,0.032542681990508984,0.5197278911564627,0.058241781749670755,0.2
urbansound8k,primary,OCSVM,0.7922548306249494,0.0009395521878086041,0.5584854583812348,0.0017672968762618242,0.6827540595364229,0.0013877957568014178,0.5401360544217687,0.003726003792552146,0.2
urbansound8k,primary,INNE,0.7789912569442038,0.005934413524857615,0.49428704144619245,0.013015264761318066,0.5988771346265251,0.015740480161625697,0.48571428571428565,0.007756295408837689,0.2
urbansound8k,primary,QMCD,0.7787602647170923,0.001076954037611531,0.474827681506822,0.002087260391251226,0.6367732331070217,0.0014283402975648713,0.4802721088435374,0.0037260037925521557,0.2
urbansound8k,primary,IForest,0.7622720395458693,0.01781770114361329,0.4838744888738211,0.020792480955819367,0.6418368258750198,0.01161541950359195,0.5034013605442177,0.02965237376558285,0.2
urbansound8k,primary,HBOS,0.7577307323608561,0.001228028415600488,0.44874838645083326,0.0021107070678698667,0.6262691655162647,0.0014131645535148426,0.49387755102040815,0.0037260037925521557,0.2
urbansound8k,primary,PCA,0.7515678597415197,0.000971095004139987,0.5078073372270625,0.0019839100149419225,0.6621532001237631,0.0013849972305395775,0.5469387755102041,0.0037260037925520993,0.2
urbansound8k,primary,SOD,0.7505468740976866,0.0054418565017676085,0.39785740867419855,0.0073270113369705596,0.559113646352116,0.0019622686491126916,0.4,0.021726148874382744,0.2
urbansound8k,primary,ABOD,0.7502604437360683,0.0004007066046261533,0.35214729833873154,0.0003563600030521296,0.521371947939215,0.0,0.3741496598639456,0.0,0.2
urbansound8k,primary,COPOD,0.7343242899876419,0.001077523651496529,0.4208614268780271,0.0019740092199787037,0.6057412510174296,0.0013133925354427273,0.43945578231292515,0.0037260037925521557,0.2
urbansound8k,primary,LODA,0.7235230934479053,0.03335575689233818,0.4485105700260677,0.06663247760726279,0.6127476099902923,0.045590617136236425,0.45714285714285713,0.05343493030382442,0.2
urbansound8k,primary,DIF,0.7226730420521349,0.005512676806519196,0.418158013877964,0.008079724951410896,0.5697550935305764,0.008208167416656916,0.3687074829931973,0.014747947883454952,0.2
urbansound8k,primary,LMDD,0.6991233844981116,0.016445621348167173,0.3725180633982859,0.03033694541884825,0.5741026103945287,0.04323492734327559,0.4163265306122449,0.07836427620590045,0.2
urbansound8k,primary,ECOD,0.6731991268493814,0.001056098129619434,0.3293268886364118,0.000820101376289317,0.5443374383083588,0.0001104258470854506,0.3741496598639456,0.0,0.2
urbansound8k,primary,LOF,0.6694455031588187,0.0007207919889234941,0.2555067921897876,0.0003268544482075355,0.48128263904972235,0.0,0.2108843537414966,0.0,0.2
urbansound8k,primary,COF,0.566921913077625,0.001846735544360141,0.2588144432022045,0.001659065602302741,0.5180043244176412,0.00016310978592489907,0.2761904761904762,0.017074694419062765,0.2
urbansound8k,secondary,MCD,0.8138964923830313,0.0024188040880992723,0.5786837589460023,0.006438612181415036,0.6680398546694167,0.004805520137532289,0.5510204081632653,0.006802721088435323,0.2
urbansound8k,secondary,KNN,0.7690147026552557,0.0036610865257259107,0.42236231209902925,0.00338878473371017,0.5828049386138157,0.0016312530327057626,0.4340136054421769,0.007452007585104311,0.2
urbansound8k,secondary,KPCA,0.7591744337803032,0.0025692057891395464,0.41161145907854413,0.0034051106947236703,0.5811466575728674,0.0019565744231669494,0.41224489795918373,0.0037260037925521557,0.2
urbansound8k,secondary,AutoEncoder,0.7587586477715025,0.008775069859635559,0.40013023679832677,0.010622277206873325,0.5695362587891022,0.005047634821329747,0.42993197278911566,0.0182536161428554,0.2
urbansound8k,secondary,Sampling,0.7521037617084184,0.03189309750832122,0.4577275277554761,0.03704796953730701,0.6115768441234057,0.015779118248902803,0.435374149659864,0.05630253522873078,0.2
urbansound8k,secondary,GMM,0.7503297414042017,0.002209048486175953,0.4226016119702285,0.00271606553418845,0.569584888731652,0.0011432125985405646,0.4421768707482993,0.0,0.2
urbansound8k,secondary,QMCD,0.7492856565376574,0.0018039701749503086,0.43772893449911054,0.0027462991221838574,0.6189734583852307,0.0014571331068030362,0.44625850340136053,0.0037260037925521557,0.2
urbansound8k,secondary,SOD,0.7491262719009505,0.002186488159052283,0.3905527070102497,0.006075048016182021,0.5555308353347594,0.003041642794701571,0.3795918367346939,0.00886966313633011,0.2
urbansound8k,secondary,KDE,0.7447905477980666,0.0056888513203000556,0.39173033193333373,0.007971757495204655,0.5722084741322139,0.0015359083829406248,0.4204081632653061,0.005691564806354253,0.2
urbansound8k,secondary,HBOS,0.7380340251550536,0.0026588374324157085,0.42902385211219674,0.001427871256521608,0.6192190395951072,0.0016263823806996816,0.48299319727891155,0.0048102502121533846,0.2
urbansound8k,secondary,OCSVM,0.7336705819849162,0.0010961974586818665,0.4610877444614875,0.0016786057899513124,0.620955128544135,0.0013050085421854422,0.4816326530612245,0.0030422693571425805,0.2
urbansound8k,secondary,VAE,0.7302726863241051,0.012949832478669826,0.3698919538643457,0.01263261059633596,0.540865260410303,0.007289126692184636,0.36462585034013606,0.017739326272660238,0.2
urbansound8k,secondary,IForest,0.7271219523463035,0.024715880368527822,0.4314083899931186,0.03917683126475741,0.6063272418251546,0.019826463584791232,0.43673469387755104,0.040929548180928775,0.2
urbansound8k,secondary,INNE,0.7245048104131296,0.007899788107183465,0.3576362664664934,0.015603240179923952,0.5264014997474282,0.00881191990765619,0.382312925170068,0.013085295280048531,0.2
urbansound8k,secondary,CBLOF,0.7194345310280309,0.019877524380797464,0.4063406391761637,0.022628492540697032,0.5779382971131442,0.016927205219540935,0.35374149659863946,0.030800629721555853,0.2
urbansound8k,secondary,COPOD,0.7058729773743113,0.008266402263235563,0.3980887174710267,0.010771580841796803,0.5945770319565589,0.007299526642862108,0.4108843537414966,0.012357756547336713,0.2
urbansound8k,secondary,PCA,0.7029948142245013,0.0009815674882856867,0.43507845852557453,0.001313994313759001,0.6171461882939218,0.0009069618733946888,0.4353741496598639,0.0,0.2
urbansound8k,secondary,LUNAR,0.695353591351651,0.0038485637765737087,0.3120913026766502,0.005322395233086898,0.520599947601237,0.0038226956101983034,0.37142857142857144,0.015661040045199078,0.2
urbansound8k,secondary,DIF,0.6906020812399662,0.017776787212569065,0.35400372553654824,0.011645421906427148,0.5405066145839982,0.004946431814446416,0.31564625850340133,0.020745511131941365,0.2
urbansound8k,secondary,LMDD,0.670113070695171,0.05118627506592652,0.3461061415817343,0.04067563467020101,0.5725136270217138,0.010976710274283732,0.3836734693877551,0.05194179365665599,0.2
urbansound8k,secondary,LODA,0.6689812087823244,0.026429591194598142,0.39045721927457466,0.04674537746785817,0.5784853839668295,0.03617209292513766,0.3986394557823129,0.06464374975893661,0.2
urbansound8k,secondary,ABOD,0.6332351616368109,0.004271581250771123,0.24698102414449652,0.0018997630518513148,0.4823889702427303,0.0010129089981028596,0.2816326530612245,0.015661040045199096,0.2
urbansound8k,secondary,ECOD,0.6293152235427278,0.001189217442343007,0.2739990932228086,0.0007899796778514401,0.5080546381719518,0.00036665452934188375,0.3510204081632653,0.0037260037925521557,0.2
urbansound8k,secondary,COF,0.5608398877377777,0.0020626228417814758,0.2517485178896549,0.0014531500631586765,0.5196249172531133,0.00026727811206967214,0.254421768707483,0.007756295408837676,0.2
urbansound8k,secondary,LOF,0.5029694050795191,0.0032833576756638636,0.19081728067488396,0.00356385241555087,0.4769314749400788,0.001615072892409749,0.10068027210884353,0.0056915648063542565,0.2
ravdess,primary,CBLOF,0.9913194444444444,0.014316338977839077,0.9834940965633565,0.02364227455069369,0.9806286549707602,0.02672131100355876,0.9666666666666666,0.04564354645876389,0.2
ravdess,primary,AutoEncoder,0.9878472222222221,0.018738744049412243,0.9746682606609077,0.031478131120417044,0.9663742690058479,0.03464036981997542,0.9166666666666666,0.05892556509887896,0.2
ravdess,primary,INNE,0.9871527777777779,0.022354748059472063,0.9759575044501515,0.035076494333638616,0.9700292397660819,0.03903724368183749,0.9333333333333332,0.06972166887783963,0.2
ravdess,primary,OCSVM,0.9868055555555555,0.019433590720771807,0.9741456582633055,0.031450978923018284,0.9663742690058481,0.03413046061382676,0.9333333333333333,0.06972166887783963,0.2
ravdess,primary,LOF,0.9847222222222222,0.02148853950939691,0.972982456140351,0.03901980777226065,0.9736842105263157,0.03922926276315425,0.95,0.07453559924999299,0.2
ravdess,primary,KPCA,0.9809027777777777,0.028181741459631798,0.9684121194897057,0.04466930739319192,0.9718567251461987,0.03788672946679116,0.9333333333333333,0.06972166887783963,0.2
ravdess,primary,KDE,0.9791666666666666,0.02630079411031797,0.964710778560104,0.043121853310553446,0.9663742690058481,0.04000899347658727,0.9333333333333333,0.06972166887783963,0.2
ravdess,primary,LUNAR,0.9791666666666666,0.02780489128133147,0.9650583982202449,0.04331815790070685,0.9663742690058479,0.036403215198797495,0.9333333333333333,0.06972166887783963,0.2
ravdess,primary,MCD,0.9784722222222223,0.03279366375865997,0.967151195202707,0.04466654364903752,0.9682017543859649,0.04056852902196367,0.9333333333333333,0.06972166887783963,0.2
ravdess,primary,KNN,0.9770833333333332,0.031403941818319535,0.9682956598623764,0.045174549639823904,0.9736842105263157,0.03922926276315425,0.95,0.07453559924999299,0.2
ravdess,primary,COF,0.9753472222222221,0.02248247130997176,0.94391101429717,0.049938988051554445,0.9345760233918128,0.056406869009132436,0.8666666666666666,0.11180339887498947,0.2
ravdess,primary,SOD,0.9746527777777778,0.008012486638343278,0.8858539894201659,0.02357139518141174,0.8790204678362572,0.024361140986086296,0.85,0.03726779962499647,0.2
ravdess,primary,VAE,0.9743055555555555,0.029293499033883723,0.949497113997114,0.046148954373842956,0.9448099415204678,0.04207981026893729,0.9166666666666666,0.05892556509887896,0.2
ravdess,primary,PCA,0.9736111111111111,0.029575099923649054,0.9479608314390923,0.047501819027658695,0.9448099415204678,0.04392432487768553,0.9166666666666666,0.05892556509887896,0.2
ravdess,primary,Sampling,0.971875,0.03418419971318424,0.9596196769981937,0.04541037328277317,0.9612573099415205,0.038102084109416706,0.9166666666666666,0.05892556509887896,0.2
ravdess,primary,IForest,0.9666666666666666,0.037984746319175276,0.9348225513311721,0.07871053845302028,0.9323830409356726,0.08015976681089662,0.8666666666666666,0.13944333775567927,0.2
ravdess,primary,GMM,0.9614583333333332,0.032115709373766725,0.9286597428208025,0.04990477661401584,0.9221491228070174,0.05335193256887225,0.8333333333333334,0.1178511301977579,0.2
ravdess,primary,LODA,0.9486111111111111,0.037288013218512335,0.8766066078171342,0.06905429520705367,0.8629385964912281,0.06632034836119906,0.7833333333333333,0.09501461875826152,0.2
ravdess,primary,HBOS,0.9364583333333334,0.04009251574387473,0.8429539067120624,0.06518372897555405,0.809576023391813,0.050963583850321084,0.7166666666666667,0.07453559924999294,0.2
ravdess,primary,DIF,0.9222222222222222,0.035140707298140436,0.8499079013249402,0.0436916189433004,0.8461257309941521,0.04129874365384742,0.75,0.10206207261596575,0.2
ravdess,primary,ABOD,0.9152777777777779,0.034947187889128185,0.8244714820219328,0.043967595164535786,0.8187134502923976,0.03189995999355971,0.7166666666666666,0.04564354645876389,0.2
ravdess,primary,COPOD,0.9104166666666667,0.04860491031880177,0.786770056033416,0.0638820957882706,0.7631578947368421,0.03356310115803894,0.65,0.037267799624996475,0.2
ravdess,primary,ECOD,0.9090277777777779,0.032120401565971395,0.7616980720952377,0.05742134704764666,0.7426900584795322,0.04576747322367995,0.5833333333333333,0.08333333333333329,0.2
ravdess,primary,LMDD,0.8876736111111111,0.09992371463342414,0.8083109945609946,0.12459903263357057,0.832615629984051,0.06242291562196885,0.7,0.12638125740085923,0.2
ravdess,primary,QMCD,0.4756944444444445,0.05648367529512996,0.46168055462354635,0.08635473795413175,0.6410818713450293,0.0548489224628774,0.3833333333333333,0.09501461875826152,0.2
ravdess,secondary,SOD,0.9677083333333332,0.009477322266636223,0.8762611653644262,0.039176224696641615,0.868421052631579,0.029917225043393485,0.8333333333333334,0.058925565098878946,0.2
ravdess,secondary,QMCD,0.9663194444444445,0.043361091091888015,0.9415693792886776,0.07443640758355062,0.9437134502923976,0.07197601688004385,0.8833333333333334,0.13944333775567927,0.2
ravdess,secondary,CBLOF,0.9645833333333333,0.0375497997520593,0.9062854081337604,0.07883063908754472,0.8870614035087719,0.07284082551331812,0.7833333333333334,0.12638125740085912,0.2
ravdess,secondary,MCD,0.9625,0.050565260629820925,0.941425518925519,0.05223520694939522,0.9353070175438596,0.048859181039330436,0.8666666666666666,0.09501461875826148,0.2
ravdess,secondary,LOF,0.9555555555555555,0.04344789321882382,0.8834941932307426,0.06898867722506484,0.8691520467836258,0.04870514253309021,0.7833333333333334,0.07453559924999303,0.2
ravdess,secondary,KNN,0.9479166666666666,0.05060101264510306,0.8825206031383328,0.08378419484504124,0.8680555555555556,0.06302042991802279,0.75,0.1020620726159657,0.2
ravdess,secondary,INNE,0.9416666666666668,0.04733251519408994,0.8652722548767583,0.0553271758541091,0.8512426900584795,0.03495230020412368,0.7833333333333334,0.045643546458763874,0.2
ravdess,secondary,COF,0.9395833333333332,0.03365101081021757,0.8819274463353413,0.05500232329300983,0.8735380116959064,0.04926420643151692,0.7833333333333334,0.07453559924999302,0.2
ravdess,secondary,AutoEncoder,0.9260416666666667,0.05572619194206798,0.8515972099366669,0.06068487754393387,0.8475877192982455,0.043813938168102376,0.7666666666666667,0.09128709291752773,0.2
ravdess,secondary,KPCA,0.9253472222222221,0.053637123978386755,0.8374390715194405,0.06815265139272107,0.8362573099415205,0.03742108216149205,0.7333333333333334,0.09128709291752764,0.2
ravdess,secondary,OCSVM,0.920138888888889,0.0583989173317853,0.8431582899598018,0.05398002879081992,0.8362573099415205,0.027853419248234607,0.7666666666666667,0.03726779962499652,0.2
ravdess,secondary,HBOS,0.9177083333333333,0.04447630693816682,0.8048432838805442,0.07608041434176233,0.7737573099415205,0.05384728390164814,0.65,0.06972166887783958,0.2
ravdess,secondary,Sampling,0.9059027777777778,0.049064723842814004,0.8128870839337106,0.066880430940713,0.8154239766081872,0.04655606433792761,0.7166666666666667,0.09501461875826155,0.2
ravdess,secondary,LUNAR,0.9048611111111111,0.06212998107686099,0.8074988072860414,0.07279620456472005,0.8081140350877192,0.048574685160826,0.7333333333333333,0.03726779962499654,0.2
ravdess,secondary,KDE,0.8965277777777778,0.04938923357116316,0.803553952881401,0.04895222606292697,0.8015350877192983,0.032655276888781865,0.7166666666666666,0.04564354645876389,0.2
ravdess,secondary,DIF,0.8871527777777779,0.029360302995291243,0.7400849402929605,0.028880034647719682,0.7207602339181287,0.04906040988862471,0.6,0.037267799624996455,0.2
ravdess,secondary,IForest,0.8850694444444445,0.0664434014631538,0.7848303626143807,0.07371828616022019,0.7923976608187135,0.040486122824701744,0.6666666666666666,0.05892556509887897,0.2
ravdess,secondary,PCA,0.8770833333333334,0.06275747505400715,0.7331895472131661,0.052754745709707354,0.7320906432748538,0.024504664169388447,0.5666666666666667,0.037267799624996496,0.2
ravdess,secondary,VAE,0.8756944444444444,0.06377225540478855,0.7344677357940416,0.05559264535142622,0.7339181286549707,0.02824041487146466,0.5666666666666667,0.037267799624996496,0.2
ravdess,secondary,COPOD,0.8739583333333332,0.07468910614782115,0.706769801892867,0.08160447053901282,0.6970029239766081,0.044547181868221444,0.5666666666666667,0.037267799624996496,0.2
ravdess,secondary,ECOD,0.8621527777777779,0.03842261392464698,0.6558355284511311,0.07705092011956419,0.6706871345029239,0.05901108476144239,0.4833333333333334,0.06972166887783963,0.2
ravdess,secondary,LODA,0.8427083333333334,0.06859945990253678,0.7078947755408216,0.041148056907764206,0.735014619883041,0.02966499101013874,0.5833333333333333,0.08333333333333331,0.2
ravdess,secondary,LMDD,0.8038194444444444,0.025196050822395837,0.630138852017722,0.058032064191505466,0.7028508771929824,0.05597895274908265,0.55,0.04564354645876384,0.2
ravdess,secondary,GMM,0.771875,0.0481845120648959,0.5684886058814034,0.057583921226483585,0.6414473684210527,0.027757331271479644,0.4333333333333333,0.06972166887783963,0.2
ravdess,secondary,ABOD,0.7572916666666667,0.03253529659756242,0.4434908700276381,0.03540291855788383,0.5646929824561404,0.04099437103160806,0.3666666666666667,0.074535599249993,0.2
nsynth,primary,COF,0.937732503563606,0.008851779111628856,0.8380206928666057,0.013649209501920617,0.8376618108913071,0.009048512209523473,0.7578231292517007,0.015661040045199016,0.2
nsynth,primary,SOD,0.9064608466896129,0.013303873238837985,0.7598387566261302,0.025417224352460483,0.78300582314877,0.015712267595141508,0.7224489795918367,0.0256346172536283,0.2
nsynth,primary,HBOS,0.6098645250263649,0.018021892600210747,0.4226936460469525,0.01830991338160534,0.598430244508814,0.006236421075253635,0.3888389254006687,0.011631514687345352,0.2
nsynth,primary,LOF,0.6053355584141663,0.02762620860078394,0.2872492838763366,0.019016522093828585,0.5263944724307728,0.009444648982820271,0.3129251700680272,0.03694823296326604,0.2
nsynth,primary,OCSVM,0.5784004913720173,0.019311944202802227,0.25469941279058295,0.020781459425958302,0.5213502239414549,0.013923338509029236,0.2979591836734694,0.03547865254532053,0.2
nsynth,primary,IForest,0.5726129634136449,0.041350514521133884,0.3220524701022437,0.048628437111236586,0.5496163138437479,0.017951155919675325,0.29931972789115646,0.018630018962760765,0.2
nsynth,primary,INNE,0.5714355248061745,0.03158201836843675,0.24869425600244846,0.03241701147981873,0.5059832594384477,0.013387414175671299,0.2857142857142857,0.030422693571425713,0.2
nsynth,primary,PCA,0.5691895838403505,0.019577604095166914,0.26164555375028903,0.022782208882268465,0.5297479522607931,0.015413274855128363,0.32108843537414966,0.02652188937362984,0.2
nsynth,primary,VAE,0.5656340900925958,0.030105712788235418,0.2509919668293229,0.029620244406284385,0.5234642947109804,0.01908085861141482,0.2870748299319728,0.04036026387535053,0.2
nsynth,primary,LODA,0.5650106039008449,0.02411420926700693,0.2513932551501985,0.024204527066443198,0.5232471541472323,0.01589944310834989,0.25578231292517006,0.027464801684607285,0.2
nsynth,primary,CBLOF,0.5590121568218429,0.03012251700956461,0.2517498073433494,0.025984023650202217,0.5242767419888246,0.014980697819278006,0.28843537414965986,0.025270987239464925,0.2
nsynth,primary,LMDD,0.5589148095353986,0.036156542198297455,0.2800321900107861,0.04811135107738394,0.5401450816137447,0.027165135373873394,0.30340136054421774,0.0628285708245922,0.2
nsynth,primary,KPCA,0.5582681454183037,0.017793807032188833,0.21985446819110846,0.012849237760220457,0.49929703792213564,0.009844950946774756,0.21904761904761907,0.02861997818770426,0.2
nsynth,primary,LUNAR,0.5556328153067019,0.021905366686320534,0.2664622308253131,0.019934722229234963,0.5208049327504696,0.011005537009610133,0.3306122448979592,0.024338154857140564,0.2
nsynth,primary,Sampling,0.5548030455793902,0.030134862554135684,0.24112626812786625,0.02657720538380736,0.5136807704342384,0.018193429480835584,0.26258503401360545,0.04703234290460845,0.2
nsynth,primary,ECOD,0.5545619951558136,0.028140503049856894,0.2382837306367694,0.022634249866394753,0.5133172429735814,0.012715855292506979,0.28979591836734697,0.04424384365036489,0.2
nsynth,primary,COPOD,0.553899106490978,0.02161442450040256,0.2553464941826695,0.016462979652643876,0.526299320947782,0.011557629633687543,0.3197278911564626,0.010756046463157734,0.2
nsynth,primary,KNN,0.5502787145522604,0.021846702379341793,0.22005229559388328,0.013134233681771457,0.49532385356186764,0.00839582082716866,0.22993197278911565,0.0298080303404172,0.2
nsynth,primary,AutoEncoder,0.5459050400398661,0.03593565933891096,0.21012149439263816,0.01743129484750375,0.4908980897119899,0.005968332762246616,0.1836734693877551,0.02096739456792169,0.2
nsynth,primary,KDE,0.5445653559549886,0.02032807947632269,0.22029319427446117,0.012475995386800817,0.49791246185553933,0.008955867432958049,0.2068027210884354,0.028700711713916985,0.2
nsynth,primary,GMM,0.5368332000602626,0.017661150223975672,0.19966961612755976,0.008684690642890265,0.48571111399818606,0.004692719127695237,0.15238095238095237,0.025270987239464908,0.2
nsynth,primary,ABOD,0.5296619499588593,0.02338691287185127,0.2218195102397138,0.015242943309963078,0.5086670192151101,0.009962735713157115,0.22993197278911565,0.02779975066898306,0.2
nsynth,primary,DIF,0.517913059602035,0.0480868665359261,0.21535017182101107,0.02861751789587687,0.5118814314930671,0.015434623911084607,0.21496598639455783,0.054123331376642415,0.2
nsynth,primary,MCD,0.4996558078086431,0.03112181930932492,0.19857669217453405,0.017814454272496533,0.5074349294994605,0.012460449836813976,0.1360544217687075,0.03694823296326605,0.2
nsynth,primary,QMCD,0.40700205124639294,0.017700755631549814,0.22847441675505292,0.02104620492865742,0.5260785207116111,0.0116987051428617,0.18639455782312925,0.018379940253205836,0.2
nsynth,secondary,COF,0.9374149659863946,0.009325326534407472,0.8383677065428055,0.014591364028932685,0.837774040845604,0.008899729877864299,0.7523809523809524,0.017739326272660273,0.2
nsynth,secondary,SOD,0.9054201578416716,0.013667496079979954,0.7642782764489857,0.026152522569442102,0.7870180440148802,0.019676791647248348,0.7197278911564625,0.03132208009039818,0.2
nsynth,secondary,HBOS,0.6015668277532479,0.019659910245562046,0.4108082455999232,0.020789338195693886,0.6011737789350475,0.012665974458027685,0.4,0.020065144494901536,0.2
nsynth,secondary,VAE,0.569257958720115,0.026362696234984898,0.24086450406436785,0.02425267125700964,0.517208694649742,0.017664168641370468,0.2612244897959184,0.0321244053146057,0.2
nsynth,secondary,IForest,0.5661416866576273,0.03794339771243914,0.2884769393546011,0.04631779005125202,0.536563482202708,0.016231814438393024,0.2870748299319728,0.019480028657518855,0.2
nsynth,secondary,OCSVM,0.565070866506739,0.018544872652694055,0.24065739538355718,0.019513008840601625,0.5164279645328946,0.012720949455589634,0.26530612244897955,0.03297741399602945,0.2
nsynth,secondary,PCA,0.5588499113444356,0.018391491340245553,0.2497388454721861,0.02093795458588044,0.5244438670294622,0.015564985694564479,0.30204081632653057,0.02746480168460728,0.2
nsynth,secondary,LOF,0.5579784213515049,0.026694878808578827,0.23195712839016772,0.01397451174898218,0.4930389980792819,0.0040372843323721475,0.26258503401360545,0.04237390885006104,0.2
nsynth,secondary,INNE,0.5546732491974644,0.022606165327845738,0.22409780151296227,0.015025595586664,0.4959313591840394,0.006555618743917878,0.2571428571428572,0.02779975066898306,0.2
nsynth,secondary,LMDD,0.5535757744324306,0.0340792354529442,0.26901884533669856,0.04087879237414973,0.5331526675047316,0.020164154559449976,0.3129251700680272,0.04881870780410655,0.2
nsynth,secondary,ECOD,0.5499217745019643,0.02665058466091093,0.23109038194341164,0.021582812946875966,0.510971392950617,0.013294191675915952,0.2612244897959184,0.03488675212233493,0.2
nsynth,secondary,COPOD,0.5476735157436059,0.020514489278857653,0.24673504669493465,0.014326446600788011,0.5209025240150754,0.011503561098320863,0.30612244897959184,0.020967394567921686,0.2
nsynth,secondary,LODA,0.546950364472876,0.02400517933565099,0.2425907133698578,0.020378126248135238,0.517691771409541,0.009166939664247175,0.23401360544217686,0.03176222457123469,0.2
nsynth,secondary,CBLOF,0.5425836433380848,0.034537067747103856,0.24065425814180258,0.029931887268447425,0.5213258261253035,0.01921703701887202,0.27210884353741494,0.03966633942071634,0.2
nsynth,secondary,Sampling,0.5398973217907266,0.01991990551296712,0.22340807486239062,0.014484766304785714,0.5093086817798939,0.009624318649863926,0.2258503401360544,0.03769223177468047,0.2
nsynth,secondary,LUNAR,0.5380778546512301,0.02909421530958224,0.2550327348502486,0.018021972582805797,0.5145346939995401,0.008872184368896061,0.345578231292517,0.02517925921540375,0.2
nsynth,secondary,KPCA,0.5302298091297848,0.018121284101497076,0.204169843090149,0.010806772330347532,0.4910749738790881,0.007957225102580748,0.18503401360544217,0.02695457517844755,0.2
nsynth,secondary,AutoEncoder,0.5283848462724101,0.02075498026481377,0.19797627859563,0.011269411768582423,0.48657235690833317,0.005368042833249133,0.1469387755102041,0.013260944686814918,0.2
nsynth,secondary,KNN,0.5215288159556838,0.02885828489758927,0.20189755232453804,0.01324817108619767,0.4850535928529037,0.005427799588160839,0.1891156462585034,0.031322080090398205,0.2
nsynth,secondary,KDE,0.5147121881120421,0.020930133411475278,0.19806061755164397,0.0074019442254613975,0.48348969283759413,0.005461567424904942,0.1687074829931973,0.022766259225417022,0.2
nsynth,secondary,GMM,0.5140307571069314,0.02118880976842717,0.1927752850133116,0.010055422024693275,0.4866406707935573,0.005399063278122034,0.15374149659863945,0.029495895766909922,0.2
nsynth,secondary,DIF,0.5013756098691606,0.04938100333948084,0.20825587220369401,0.02671774011392641,0.5087023960485297,0.014374795310551058,0.20272108843537415,0.051449443268541596,0.2
nsynth,secondary,ABOD,0.4936550429371067,0.024965016982186988,0.19478297785880758,0.012712818372367344,0.49235707911784815,0.007539970809484447,0.1836734693877551,0.026346825484404198,0.2
nsynth,secondary,MCD,0.4904982095052672,0.030660356346280046,0.19179182148707202,0.015354994255832843,0.502816422901986,0.010130906173707014,0.14557823129251699,0.04013028898980306,0.2
nsynth,secondary,QMCD,0.4181877180173603,0.020103279716768903,0.24929265234723874,0.0252022478352656,0.5388349188864104,0.013331978268423559,0.21904761904761907,0.02695457517844756,0.2
mimii,primary,DIF,0.9202816261639791,0.010765431906790237,0.5397328632373848,0.045168532156444965,0.7427491622538062,0.029491447853165098,0.5078787878787878,0.016262312563634806,0.2
mimii,primary,GMM,0.6727136800666212,0.0,0.16850909549816429,0.0,0.5618517677341207,0.0,0.2606060606060606,0.0,0.2
mimii,primary,KDE,0.6640264213793625,0.0,0.3737830603510625,0.0,0.6230241741077654,0.0,0.18787878787878787,0.0,0.2
mimii,primary,MCD,0.6621829813006284,0.009125209222614233,0.24018984575656327,0.03519500613486988,0.6174597861904363,0.013056471048637422,0.2363636363636364,0.008570991287109664,0.2
mimii,primary,VAE,0.6236883942766295,0.014044560922112379,0.36978856595175763,0.014695195432759768,0.6326467998294623,0.0018150371116870856,0.1890909090909091,0.002710385427272477,0.2
mimii,primary,OCSVM,0.6190381558028617,0.0,0.37637302592437827,0.0,0.6336429308565531,0.0,0.18787878787878787,0.0,0.2
mimii,primary,Sampling,0.6153550609432962,0.03856039447389046,0.36799459146791924,0.022165861488386746,0.6326667224500041,0.002182868357250216,0.18787878787878787,0.0,0.2
mimii,primary,AutoEncoder,0.6125577257930199,0.014365700202771732,0.3743919411150751,0.0025667755459470865,0.6335034725127604,0.00021824137350733372,0.18787878787878787,0.0,0.2
mimii,primary,KPCA,0.599070709364827,0.0,0.3726925863482818,0.0,0.6336429308565531,0.0,0.18787878787878787,0.0,0.2
mimii,primary,KNN,0.5959951548186843,0.0,0.372251032214941,0.0,0.6336429308565531,0.0,0.18787878787878787,0.0,0.2
mimii,primary,CBLOF,0.5958058899235369,0.0428017774327876,0.36934049121566026,0.01310729533788817,0.6330850974813823,0.0011089090589031848,0.19030303030303028,0.00542077085454495,0.2
mimii,primary,PCA,0.5917840109016579,0.0,0.3695465792148024,0.0,0.6332444784457169,0.0,0.18787878787878787,0.0,0.2
mimii,primary,ABOD,0.5799454917101976,0.0,0.09971232814241049,0.0,0.4793322734499205,0.0,0.12727272727272726,0.0,0.2
mimii,primary,LOF,0.5777405556817322,0.0,0.23629263961767225,0.0,0.5984994282207905,0.0,0.19393939393939394,0.0,0.2
mimii,primary,LUNAR,0.5685971685971686,0.018116251233236604,0.09454631528213286,0.0044247856662741674,0.47458869749891425,0.0002960370022195022,0.09575757575757575,0.03042400096487548,0.2
mimii,primary,COPOD,0.5513854190324778,0.0,0.10340229566970476,0.0,0.5133003414737161,0.0,0.11515151515151516,0.0,0.2
mimii,primary,ECOD,0.5469376939965176,0.0,0.09108953777447078,0.0,0.4883074140040085,0.0,0.09696969696969697,0.0,0.2
mimii,primary,INNE,0.5200034067681126,0.07096596262783832,0.0957695852599985,0.012054655659979062,0.4995665639327438,0.005828166221808529,0.15512312678811985,0.031047741511982627,0.2
mimii,primary,SOD,0.513583541524718,0.0026461371300438422,0.1638003556706547,0.004563736398502371,0.5320614732379438,0.002980659739232314,0.17212121212121212,0.006910154091509927,0.2
mimii,primary,LODA,0.4947573624044212,0.10899340882736892,0.20277708241302514,0.14571279188450575,0.5527989289599197,0.0767598369312243,0.11757575757575758,0.09597979585371712,0.2
mimii,primary,LMDD,0.48892989628283745,0.055114953062405464,0.10701165877394332,0.021573445127310163,0.5173745173745173,0.03227607641574297,0.16484848484848486,0.06051508323086845,0.2
mimii,primary,COF,0.4250889545007192,0.0,0.1219517891925693,0.0,0.5145255826370377,0.0,0.12121212121212122,0.0,0.2
mimii,primary,QMCD,0.42194715724127485,0.0,0.07634350457928879,0.0,0.4865641847065996,0.0,0.07878787878787878,0.0,0.2
mimii,primary,IForest,0.4045821031115149,0.08707920969127798,0.07102270813903692,0.00873060260321648,0.4769355821987401,0.0032991988945598925,0.033939393939393936,0.02861992473483053,0.2
mimii,primary,HBOS,0.19817927170868346,0.0,0.0538792962253861,0.0,0.47368421052631576,0.0,0.0,0.0,0.2
mimii,secondary,DIF,0.8996952835188129,0.019949398242200718,0.35331678491720925,0.05016095576783696,0.641552211211654,0.03538626801555481,0.4715151515151515,0.04874927891440048,0.2
mimii,secondary,MCD,0.6565315315315315,0.01159763018419034,0.2700776287837026,0.017322171300614145,0.6276980208868753,0.003683310820820276,0.24484848484848482,0.016374855861947014,0.2
mimii,secondary,COPOD,0.5262321144674086,0.0,0.09077087406152347,0.0,0.4990656290965888,0.0,0.09696969696969697,0.0,0.2
mimii,secondary,SOD,0.515618139147551,0.002559633654211077,0.15564291922756868,0.002793546205117525,0.5337608727701607,0.0020342424839292204,0.15393939393939393,0.006910154091509927,0.2
mimii,secondary,ECOD,0.5132580059050647,0.0,0.08585375484803437,0.0,0.48910431882568106,0.0,0.09090909090909091,0.0,0.2
mimii,secondary,CBLOF,0.449278900749489,0.029189969728318124,0.07538818287679856,0.003432453374200165,0.47368421052631576,0.0,0.009696969696969697,0.0054207708545449445,0.2
mimii,secondary,Sampling,0.4252119766825649,0.10873588357548715,0.07425836854930302,0.01089131374761039,0.4784895466010017,0.006508074001099101,0.03878787878787878,0.03600836552124351,0.2
mimii,secondary,QMCD,0.42262851086380493,0.0,0.0723259290576111,0.0,0.47368421052631576,0.0,0.012121212121212121,0.0,0.2
mimii,secondary,COF,0.4161177984707397,0.0,0.11236773584905549,0.0,0.5173944399950592,0.0,0.12727272727272726,0.0,0.2
mimii,secondary,GMM,0.40704254674842916,0.0,0.07017960704698767,0.0,0.48456196134214713,0.0,0.030303030303030304,0.0,0.2
mimii,secondary,OCSVM,0.3976360814596109,0.0,0.06938984202745821,0.0,0.47368421052631576,0.0,0.006060606060606061,0.0,0.2
mimii,secondary,LMDD,0.3929356877886289,0.05192610686093141,0.07274481025297755,0.008814864397082766,0.47597730415067874,0.004374911757892595,0.06303030303030303,0.056950351325253376,0.2
mimii,secondary,PCA,0.38068741009917484,0.0,0.06773711254990603,0.0,0.47368421052631576,0.0,0.0,0.0,0.2
mimii,secondary,IForest,0.37035165417518356,0.07188300974688655,0.06688931687932442,0.006581140870410104,0.47428985819078695,0.0009612380535698045,0.020606060606060607,0.016374855861947025,0.2
mimii,secondary,VAE,0.34522484669543496,0.03517493779204011,0.06368910690375032,0.0032967246647056412,0.47368421052631576,0.0,0.007272727272727273,0.006639061303092922,0.2
mimii,secondary,LODA,0.344252025134378,0.13723483569433576,0.06582379014115974,0.012437689845152889,0.4740687171027728,0.000859782842753674,0.010909090909090908,0.016262312563634834,0.2
mimii,secondary,KDE,0.32416534181240064,0.003952003289840124,0.06148694621005113,0.00033236600109785673,0.47368421052631576,0.0,0.0,0.0,0.2
mimii,secondary,KPCA,0.31745400863047923,0.0,0.06365639411449212,0.0,0.47368421052631576,0.0,0.0,0.0,0.2
mimii,secondary,ABOD,0.31599666893784545,0.0,0.07204459287584408,0.0,0.506606340971666,0.0,0.10303030303030303,0.0,0.2
mimii,secondary,KNN,0.2514857294269059,0.0,0.05766993576648845,0.0,0.47368421052631576,0.0,0.0,0.0,0.2
mimii,secondary,AutoEncoder,0.2240461049284579,0.020318055463606145,0.055131917883408,0.001219364428357035,0.47368421052631576,0.0,0.0012121212121212121,0.0027103854272724722,0.2
mimii,secondary,LUNAR,0.1892838216367628,0.0028222927701581006,0.05350540295012981,0.0001968018816689136,0.47368421052631576,0.0,0.0,0.0,0.2
mimii,secondary,INNE,0.18634548413960178,0.017005875076696455,0.05412823604637975,0.0016461644311554044,0.4746595090429947,0.000536838185823022,0.010426165613082839,0.002832564571328297,0.2
mimii,secondary,HBOS,0.17718979483685365,0.0,0.05281464018843306,0.0,0.47368421052631576,0.0,0.0,0.0,0.2
mimii,secondary,LOF,0.16355325914149443,0.0,0.051926947531662916,0.0,0.47368421052631576,0.0,0.0,0.0,0.2
physionet,primary,QMCD,0.6755000000000001,0.031135414924166337,0.3678532331561077,0.06118343730768563,0.531578947368421,0.028639209025893324,0.37,0.0447213595499958,0.2
physionet,primary,SOD,0.5658749999999999,0.0294234972003669,0.26975315105223974,0.04286166289964964,0.5190789473684211,0.026865153933020254,0.24,0.0821583836257749,0.2
physionet,primary,MCD,0.53275,0.050918516401207134,0.27305607958338396,0.04711776512496426,0.5236842105263158,0.015844203393147748,0.25,0.06123724356957945,0.2
physionet,primary,DIF,0.5001249999999999,0.04501605616332909,0.22523438369998666,0.03645468310033039,0.5059210526315789,0.016997382477320848,0.19,0.07416198487095663,0.2
physionet,primary,INNE,0.49743750000000003,0.013095949994177618,0.20182457225314368,0.0029295025827771196,0.49266245450455975,0.004073161354440316,0.3372738926078906,0.0015602408702611072,0.2
physionet,primary,LODA,0.49574999999999997,0.045171980391610016,0.2280086123594486,0.021431292680911398,0.506578947368421,0.008386545252619716,0.2,0.06123724356957944,0.2
physionet,primary,COF,0.40787500000000004,0.04685749673211322,0.17255298914852193,0.01584937976197407,0.47368421052631576,0.0,0.11000000000000001,0.0651920240520265,0.2
physionet,primary,GMM,0.39025,0.04759981289353984,0.16356850135780135,0.01198387567473322,0.47368421052631576,0.0,0.04,0.022360679774997897,0.2
physionet,primary,LMDD,0.366,0.04615033602938336,0.19130398386644645,0.01288394683761957,0.4809210526315789,0.009977467689541513,0.12,0.07582875444051551,0.2
physionet,primary,IForest,0.36124999999999996,0.07371688875352786,0.16906015919511871,0.029741404498171198,0.4848684210526316,0.016381446839458903,0.11000000000000001,0.04183300132670377,0.2
physionet,primary,HBOS,0.3505,0.024248066933262993,0.16243825327644684,0.007387210829100388,0.48157894736842105,0.009476881770321008,0.09,0.04183300132670377,0.2
physionet,primary,ECOD,0.31487499999999996,0.024058035300082176,0.1546232699773343,0.006363906522276502,0.48157894736842105,0.010810313634970379,0.1,0.035355339059327376,0.2
physionet,primary,ABOD,0.3005,0.023424579772111223,0.15132486349482116,0.005966106137865295,0.4861842105263158,0.0036034378783234735,0.07,0.027386127875258306,0.2
physionet,primary,COPOD,0.292625,0.023424579772111175,0.16261360919250023,0.023628307347332712,0.4842105263157895,0.014413751513293853,0.08,0.027386127875258306,0.2
physionet,primary,KDE,0.28575,0.03207778631701387,0.14576995031688342,0.005597786484337336,0.4789473684210527,0.007206875756646943,0.08,0.027386127875258306,0.2
physionet,primary,AutoEncoder,0.2815,0.021109831832584525,0.14150486526616385,0.003976105927319674,0.47368421052631576,0.0,0.04,0.022360679774997897,0.2
physionet,primary,LUNAR,0.277875,0.03133924755797433,0.14562094421927746,0.004358250109858892,0.47894736842105257,0.008577897901582435,0.08,0.027386127875258306,0.2
physionet,primary,KPCA,0.27749999999999997,0.028535203039403826,0.14357777612325365,0.00471483637474286,0.4789473684210527,0.007206875756646943,0.08,0.027386127875258306,0.2
physionet,primary,LOF,0.276625,0.025235608522482657,0.14717644591342613,0.004638212264706139,0.48684210526315785,0.00569753555121342,0.06000000000000001,0.022360679774997897,0.2
physionet,primary,OCSVM,0.27337500000000003,0.02520850550905388,0.14360616737450743,0.004672139863701654,0.48026315789473684,0.009008594695808668,0.06000000000000001,0.022360679774997897,0.2
physionet,primary,Sampling,0.268,0.028056861905779825,0.1417502962695115,0.005271092482891197,0.4776315789473684,0.008826584121709696,0.05,0.0,0.2
physionet,primary,VAE,0.267625,0.02523483455463895,0.13981128710507928,0.004176328282172934,0.47368421052631576,0.0,0.08,0.02738612787525831,0.2
physionet,primary,PCA,0.26487499999999997,0.026796396679404498,0.13968130566379364,0.0041538085033208496,0.475,0.0018017189391617494,0.04,0.0223606797749979,0.2
physionet,primary,CBLOF,0.26425,0.02844745704803858,0.13966154587609814,0.004406699048438306,0.475,0.0018017189391617494,0.04,0.0223606797749979,0.2
physionet,primary,KNN,0.26012500000000005,0.02846804678055733,0.1391402673173884,0.004304988052051269,0.47631578947368414,0.0036034378783234735,0.02,0.027386127875258306,0.2
physionet,secondary,QMCD,0.588875,0.05246539037784812,0.267390171158484,0.044101659248600135,0.5078947368421053,0.021894159595123325,0.27,0.07582875444051551,0.2
physionet,secondary,SOD,0.576,0.04829232275942001,0.27197259438254406,0.04813295858167714,0.5164473684210527,0.027324420601704227,0.25,0.07905694150420947,0.2
physionet,secondary,DIF,0.534,0.022161516475638587,0.2400433754278816,0.009472396264228937,0.5105263157894736,0.013033955760630912,0.22000000000000003,0.027386127875258293,0.2
physionet,secondary,MCD,0.50925,0.058692458523220845,0.2399257525051421,0.04549363093687972,0.5072368421052632,0.01923709410159664,0.19,0.022360679774997907,0.2
physionet,secondary,LODA,0.49574999999999997,0.10753851054389772,0.24861396480180065,0.05457891220938567,0.5046052631578947,0.022261742520642915,0.2,0.09999999999999999,0.2
physionet,secondary,INNE,0.47493749999999996,0.07706797425811837,0.1966925748118679,0.014254998154142879,0.4953553031467755,0.011513963804875259,0.31004700185158807,0.061534630038496206,0.2
physionet,secondary,ABOD,0.42837499999999995,0.02879276710390994,0.20718652382038355,0.013809362574247197,0.5032894736842105,0.0,0.22000000000000003,0.044721359549995794,0.2
physionet,secondary,COF,0.422875,0.04767975854594904,0.17706222667037244,0.016837872154909707,0.47368421052631576,0.0,0.13999999999999999,0.06519202405202648,0.2
physionet,secondary,GMM,0.383,0.042411212403089815,0.16195805062776963,0.010666901387385403,0.47368421052631576,0.0,0.04,0.022360679774997897,0.2
physionet,secondary,LMDD,0.3639375,0.030207291648706266,0.1847701539247693,0.008819487958147874,0.4809210526315789,0.009977467689541513,0.1,0.06123724356957945,0.2
physionet,secondary,HBOS,0.359375,0.020686461454294192,0.16385627933849034,0.007867506459419108,0.4828947368421052,0.01024500756736675,0.09,0.04183300132670377,0.2
physionet,secondary,IForest,0.35700000000000004,0.051543367662581,0.17482543373018444,0.030581055341743164,0.4894736842105263,0.018953763540642037,0.09,0.04183300132670378,0.2
physionet,secondary,ECOD,0.31637499999999996,0.02251041425651692,0.15484827039261678,0.006620374721855779,0.48157894736842105,0.010810313634970379,0.1,0.035355339059327376,0.2
physionet,secondary,COPOD,0.3015,0.02281720841820928,0.16430112154896545,0.024399235958527648,0.4842105263157895,0.014413751513293853,0.06000000000000001,0.022360679774997897,0.2
physionet,secondary,AutoEncoder,0.29725,0.02149945493495125,0.14519316845121225,0.0036503274054647847,0.475,0.0029421947072365722,0.030000000000000006,0.027386127875258306,0.2
physionet,secondary,KDE,0.29225,0.030024729390953693,0.1468550258794432,0.005419677746206238,0.4789473684210527,0.007206875756646943,0.08,0.027386127875258306,0.2
physionet,secondary,LUNAR,0.28737500000000005,0.03546950715050886,0.15040485158330252,0.014055576107662884,0.4789473684210527,0.010031546501300616,0.1,0.049999999999999996,0.2
physionet,secondary,KPCA,0.283625,0.03036046462918511,0.14427664143270488,0.005321891231168302,0.4776315789473684,0.005405156817485194,0.08,0.027386127875258306,0.2
physionet,secondary,VAE,0.283125,0.03433804832106801,0.15154960796611813,0.02282160043815796,0.47894736842105257,0.011768778828946272,0.05,0.03535533905932738,0.2
physionet,secondary,LOF,0.27975,0.02570718527960616,0.14184418885707256,0.004327737676978534,0.47368421052631576,0.0,0.06000000000000001,0.022360679774997897,0.2
physionet,secondary,OCSVM,0.27175,0.02723738239992969,0.14328839428858764,0.005319176137518518,0.48026315789473684,0.009008594695808668,0.05,0.03535533905932738,0.2
physionet,secondary,KNN,0.26912499999999995,0.029166815475810848,0.14110151887431466,0.0051260781669592165,0.47631578947368414,0.0036034378783234735,0.04,0.0223606797749979,0.2
physionet,secondary,CBLOF,0.268625,0.029913286136765388,0.1403111135309996,0.0047641514410924094,0.475,0.0018017189391617494,0.04,0.0223606797749979,0.2
physionet,secondary,Sampling,0.268375,0.031129768710994314,0.14250938095325144,0.007161759954112846,0.47828947368421054,0.008577897901582433,0.04,0.041833001326703784,0.2
physionet,secondary,PCA,0.26525,0.028735050461065854,0.1395675842886725,0.00449894514289571,0.475,0.0018017189391617494,0.04,0.0223606797749979,0.2
icbhi,primary,COF,0.5905301142969304,0.02757575059833085,0.26978619867670384,0.02168967180568341,0.5267319300046859,0.008547354583705435,0.29596412556053814,0.02940555392063676,0.2
icbhi,primary,SOD,0.5613544513395037,0.026662486127253443,0.2548144852332342,0.01611297077639065,0.5224269548870288,0.006906945919104179,0.26726457399103143,0.020204269643172755,0.2
icbhi,primary,LOF,0.5465527220385218,0.018778205852912285,0.2447290859935325,0.018440075560979985,0.5245826211131852,0.009247351567598304,0.25739910313901343,0.02141226257634677,0.2
icbhi,primary,MCD,0.5311772432848666,0.020136623891845413,0.2574535074405758,0.012566546135938227,0.5385375004602445,0.0065667634499210524,0.26547085201793724,0.012032652793720856,0.2
icbhi,primary,ABOD,0.4951669157947185,0.012738711914773269,0.2199886559078723,0.01486309972908318,0.5132835183185274,0.0076142797149328315,0.2071748878923767,0.012443441188799653,0.2
icbhi,primary,GMM,0.48417609075307133,0.010475720480865296,0.23331820677410234,0.010779018742957521,0.5240305925539188,0.006614076590777801,0.2538116591928251,0.0051128942829557515,0.2
icbhi,primary,LUNAR,0.48290075644335734,0.01315590257215847,0.22690661216118319,0.014407045403295711,0.5177521948035676,0.007354380142270045,0.2197309417040359,0.02264462990664143,0.2
icbhi,primary,KDE,0.47737866960587433,0.014223035291906444,0.22994521807832974,0.019754839788420263,0.5206945811933619,0.009016092307690453,0.22242152466367715,0.016353885676063204,0.2
icbhi,primary,LMDD,0.47688796283714074,0.02246075152296948,0.22203115781436833,0.01658440027703673,0.5161766353647401,0.006221983504243203,0.20214253851236452,0.07377598110856644,0.2
icbhi,primary,KNN,0.46652473917047904,0.014779684965078959,0.22404097048625568,0.014805434249398675,0.5196249596375472,0.007635681825782072,0.20448430493273545,0.019183183530230886,0.2
icbhi,primary,CBLOF,0.46528161535635376,0.014845765925564618,0.22976000851303624,0.01036324194629473,0.524101582790907,0.007002537910679321,0.22152466367713006,0.01572706539618851,0.2
icbhi,primary,KPCA,0.4598128771521896,0.013021112742163112,0.22445906876678148,0.014636531756697371,0.5189394270505119,0.007332681851588924,0.2295964125560538,0.012841095124014667,0.2
icbhi,primary,VAE,0.455051763272989,0.015988604406840648,0.22204237067485239,0.01612500663423189,0.5174078391763861,0.005781127803815985,0.20358744394618836,0.022331658471728678,0.2
icbhi,primary,Sampling,0.4527960220037948,0.019986305723634874,0.2205376727103357,0.016646988455953957,0.5207210700877603,0.008074892877095915,0.21255605381165918,0.03034784630616795,0.2
icbhi,primary,OCSVM,0.44682097507209606,0.012543722400865069,0.2211542414214696,0.01579534259394219,0.522795680297057,0.006903977189982018,0.21076233183856502,0.01382155606046857,0.2
icbhi,primary,AutoEncoder,0.4422621833683119,0.021740068535116362,0.2127140502864015,0.019874927141155505,0.5165347652170089,0.008051063689556924,0.20538116591928252,0.02895763998379003,0.2
icbhi,primary,INNE,0.4385046277422959,0.013919336844261807,0.20761298709909096,0.018839079686316006,0.5156685783701753,0.008396901477843659,0.20448430493273545,0.00874151959175692,0.2
icbhi,primary,LODA,0.43671996497108606,0.019071397600239848,0.21280886054989315,0.01065127807318706,0.5222531877397741,0.005241905778028464,0.21076233183856502,0.013073883172298878,0.2
icbhi,primary,COPOD,0.435285591339403,0.014881674882565171,0.2087539383848586,0.011358285006445487,0.512170984753787,0.005240300931304548,0.22600896860986547,0.00874151959175691,0.2
icbhi,primary,QMCD,0.4285988937707922,0.013012945753468943,0.2035117382477838,0.011078921060380777,0.5120772140676161,0.0041544155441390306,0.20538116591928252,0.012032652793720839,0.2
icbhi,primary,ECOD,0.4284016044853115,0.01289944152886781,0.1928409364990684,0.010800261253178805,0.5072011383867256,0.0044025197535841245,0.1811659192825112,0.011693636601260358,0.2
icbhi,primary,IForest,0.4263139617399707,0.027082659675404675,0.20559495446588363,0.022774454541706173,0.5166025767866693,0.006422943685443288,0.20358744394618836,0.031326007527485177,0.2
icbhi,primary,DIF,0.42537482447796354,0.007711542855686763,0.20687233674038677,0.009474377575271468,0.5217080462930515,0.006312360058649656,0.20986547085201793,0.013601570303231478,0.2
icbhi,primary,PCA,0.422372202342307,0.013039658191402062,0.20881053840293715,0.014656695576295639,0.5215936142692496,0.0063422084989868364,0.19820627802690582,0.013966288342957347,0.2
icbhi,primary,HBOS,0.41625925422636934,0.013289750854274607,0.20288848520925007,0.013364513069297437,0.5123336265653944,0.00488947766975069,0.18475336322869956,0.012443441188799644,0.2
icbhi,secondary,COF,0.5895849375670003,0.028078203055841657,0.26926697851320414,0.02201513025169865,0.5262100987850339,0.008464820702898774,0.2932735426008969,0.030513050827271744,0.2
icbhi,secondary,SOD,0.5611813199257145,0.028221048008058164,0.25547863967983675,0.01767448598286882,0.5234324733183989,0.006881450864197639,0.25829596412556055,0.027387321048614306,0.2
icbhi,secondary,LOF,0.5382162431489786,0.014307084663413497,0.23646293546925254,0.01694452202547153,0.521957041900398,0.009136282604787964,0.23318385650224216,0.026339327633342444,0.2
icbhi,secondary,MCD,0.5301404679581061,0.01983439587781671,0.25734497119696914,0.012189016922192954,0.5383700906476455,0.0059763574682593894,0.2699551569506726,0.013966288342957352,0.2
icbhi,secondary,ABOD,0.4874595481471416,0.0120342946625368,0.21342121115117263,0.014543728887230467,0.5122202540973684,0.008395898799828577,0.19551569506726457,0.027017704630299677,0.2
icbhi,secondary,GMM,0.48240552007368154,0.011304303042268904,0.23462873331104164,0.011977946894780126,0.524139197020953,0.006690127433003687,0.25470852017937223,0.008625732763081302,0.2
icbhi,secondary,LUNAR,0.47984176594042066,0.011867111254239839,0.2243432857104807,0.015566014615265618,0.5169268008541079,0.006172850632953449,0.2233183856502242,0.02317131961033868,0.2
icbhi,secondary,LMDD,0.4772060414810788,0.021392835788873927,0.2232318889047326,0.01632391069821205,0.5167562123741811,0.005485915452392317,0.20662684344509996,0.07230380686070374,0.2
icbhi,secondary,KDE,0.468737197586226,0.013785457345408234,0.2192704626189542,0.017719110181447277,0.5170030888699758,0.008175121403073535,0.21076233183856502,0.020303554121384345,0.2
icbhi,secondary,CBLOF,0.46667874560251243,0.022508610207788604,0.2275161460804757,0.018695876564447992,0.523410752424992,0.007600471768226049,0.20896860986547083,0.022555652627729676,0.2
icbhi,secondary,Sampling,0.4660214501769061,0.03129443948521283,0.22127881771475355,0.023801972085466493,0.5201616246380624,0.009145274007761179,0.1946188340807175,0.026070747719728487,0.2
icbhi,secondary,KNN,0.4625276179835224,0.01404077750398514,0.22126174492173808,0.014995060444992443,0.5186326856533764,0.007453445463601162,0.2,0.015404093307011363,0.2
icbhi,secondary,LODA,0.45705686662338385,0.016347541993415704,0.21863994365461298,0.01797854442268022,0.523709547153808,0.010299905844817783,0.20089686098654708,0.02228658948841109,0.2
icbhi,secondary,KPCA,0.45431394160841093,0.01337150535922443,0.22166463094738553,0.014410227591652688,0.5181754873360569,0.007064332727689747,0.22690582959641253,0.019443482859801617,0.2
icbhi,secondary,VAE,0.4431570311988847,0.011488009456607315,0.21677753072932826,0.018465101858332125,0.5146286243760871,0.009814949382890282,0.2,0.011255516052027926,0.2
icbhi,secondary,AutoEncoder,0.4426748803430417,0.019412207032712864,0.2107382148052511,0.017643453122218766,0.5158174459566954,0.007976734832145128,0.2,0.031326007527485156,0.2
icbhi,secondary,OCSVM,0.4417508417508418,0.012742506756931884,0.22014037817102722,0.01578180445809977,0.522870908757149,0.007096341537509751,0.21165919282511209,0.013226799285876804,0.2
icbhi,secondary,COPOD,0.42900353812162484,0.014781651720041693,0.20665224457321535,0.01176800444302537,0.512712417755294,0.005022799541605673,0.2233183856502242,0.011607335520667972,0.2
icbhi,secondary,INNE,0.428567186564197,0.012340086606102188,0.20345238401527804,0.015689256292678443,0.5153554796383842,0.008179254520929316,0.2080717488789238,0.010323645231588642,0.2
icbhi,secondary,DIF,0.42821236782372807,0.014754118529930079,0.21042211252170778,0.011640599047776042,0.5255690675405883,0.006570956845363568,0.20807174887892374,0.013675292091459127,0.2
icbhi,secondary,ECOD,0.42391629297458894,0.013543687016127593,0.19072537726196387,0.010950628154416102,0.5072737179573779,0.004634170792088301,0.18206278026905828,0.006800785151615746,0.2
icbhi,secondary,IForest,0.4209056182150353,0.016629265840270177,0.20187828641490904,0.015002281909762842,0.5179900650752669,0.00854735187469956,0.2,0.01865168999379859,0.2
icbhi,secondary,QMCD,0.4181959102736382,0.01318153200840485,0.19961115618749067,0.010765100994832326,0.5121323109679652,0.004001137371559543,0.19910313901345292,0.016353885676063207,0.2
icbhi,secondary,PCA,0.41568953108564466,0.01333903537058512,0.2074958244138148,0.014746294756500014,0.521269919979699,0.006505086953564931,0.19820627802690582,0.012443441188799653,0.2
icbhi,secondary,HBOS,0.4097537406954448,0.01301692422492639,0.200349303511092,0.013517812252997266,0.5113413525812236,0.004964647563679693,0.1811659192825112,0.01125551605202792,0.2
